patch_index,image_id,patch_name,y,x,H,W,patch_size,stride,clahe_clip,clahe_grid,dog_sigma1,dog_sigma2
1,1,1_y0_x0.png,0,0,832,832,512,256,2.0,8x8,2.0,3.2
2,1,1_y0_x256.png,0,256,832,832,512,256,2.0,8x8,2.0,3.2
3,1,1_y0_x320.png,0,320,832,832,512,256,2.0,8x8,2.0,3.2
4,1,1_y256_x0.png,256,0,832,832,512,256,2.0,8x8,2.0,3.2
5,1,1_y256_x256.png,256,256,832,832,512,256,2.0,8x8,2.0,3.2
6,1,1_y256_x320.png,256,320,832,832,512,256,2.0,8x8,2.0,3.2
7,1,1_y320_x0.png,320,0,832,832,512,256,2.0,8x8,2.0,3.2
8,1,1_y320_x256.png,320,256,832,832,512,256,2.0,8x8,2.0,3.2
9,1,1_y320_x320.png,320,320,832,832,512,256,2.0,8x8,2.0,3.2
10,2,2_y0_x0.png,0,0,832,832,512,256,2.0,8x8,2.0,3.2
11,2,2_y0_x256.png,0,256,832,832,512,256,2.0,8x8,2.0,3.2
12,2,2_y0_x320.png,0,320,832,832,512,256,2.0,8x8,2.0,3.2
13,2,2_y256_x0.png,256,0,832,832,512,256,2.0,8x8,2.0,3.2
14,2,2_y256_x256.png,256,256,832,832,512,256,2.0,8x8,2.0,3.2
15,2,2_y256_x320.png,256,320,832,832,512,256,2.0,8x8,2.0,3.2
16,2,2_y320_x0.png,320,0,832,832,512,256,2.0,8x8,2.0,3.2
17,2,2_y320_x256.png,320,256,832,832,512,256,2.0,8x8,2.0,3.2
18,2,2_y320_x320.png,320,320,832,832,512,256,2.0,8x8,2.0,3.2
19,3,3_y0_x0.png,0,0,832,832,512,256,2.0,8x8,2.0,3.2
20,3,3_y0_x256.png,0,256,832,832,512,256,2.0,8x8,2.0,3.2
21,3,3_y0_x320.png,0,320,832,832,512,256,2.0,8x8,2.0,3.2
22,3,3_y256_x0.png,256,0,832,832,512,256,2.0,8x8,2.0,3.2
23,3,3_y256_x256.png,256,256,832,832,512,256,2.0,8x8,2.0,3.2
24,3,3_y256_x320.png,256,320,832,832,512,256,2.0,8x8,2.0,3.2
25,3,3_y320_x0.png,320,0,832,832,512,256,2.0,8x8,2.0,3.2
26,3,3_y320_x256.png,320,256,832,832,512,256,2.0,8x8,2.0,3.2
27,3,3_y320_x320.png,320,320,832,832,512,256,2.0,8x8,2.0,3.2
28,4,4_y0_x0.png,0,0,832,832,512,256,2.0,8x8,2.0,3.2
29,4,4_y0_x256.png,0,256,832,832,512,256,2.0,8x8,2.0,3.2
30,4,4_y0_x320.png,0,320,832,832,512,256,2.0,8x8,2.0,3.2
31,4,4_y256_x0.png,256,0,832,832,512,256,2.0,8x8,2.0,3.2
32,4,4_y256_x256.png,256,256,832,832,512,256,2.0,8x8,2.0,3.2
33,4,4_y256_x320.png,256,320,832,832,512,256,2.0,8x8,2.0,3.2
34,4,4_y320_x0.png,320,0,832,832,512,256,2.0,8x8,2.0,3.2
35,4,4_y320_x256.png,320,256,832,832,512,256,2.0,8x8,2.0,3.2
36,4,4_y320_x320.png,320,320,832,832,512,256,2.0,8x8,2.0,3.2
37,5,5_y0_x0.png,0,0,832,832,512,256,2.0,8x8,2.0,3.2
38,5,5_y0_x256.png,0,256,832,832,512,256,2.0,8x8,2.0,3.2
39,5,5_y0_x320.png,0,320,832,832,512,256,2.0,8x8,2.0,3.2
40,5,5_y256_x0.png,256,0,832,832,512,256,2.0,8x8,2.0,3.2
41,5,5_y256_x256.png,256,256,832,832,512,256,2.0,8x8,2.0,3.2
42,5,5_y256_x320.png,256,320,832,832,512,256,2.0,8x8,2.0,3.2
43,5,5_y320_x0.png,320,0,832,832,512,256,2.0,8x8,2.0,3.2
44,5,5_y320_x256.png,320,256,832,832,512,256,2.0,8x8,2.0,3.2
45,5,5_y320_x320.png,320,320,832,832,512,256,2.0,8x8,2.0,3.2
46,6,6_y0_x0.png,0,0,832,832,512,256,2.0,8x8,2.0,3.2
47,6,6_y0_x256.png,0,256,832,832,512,256,2.0,8x8,2.0,3.2
48,6,6_y0_x320.png,0,320,832,832,512,256,2.0,8x8,2.0,3.2
49,6,6_y256_x0.png,256,0,832,832,512,256,2.0,8x8,2.0,3.2
50,6,6_y256_x256.png,256,256,832,832,512,256,2.0,8x8,2.0,3.2
51,6,6_y256_x320.png,256,320,832,832,512,256,2.0,8x8,2.0,3.2
52,6,6_y320_x0.png,320,0,832,832,512,256,2.0,8x8,2.0,3.2
53,6,6_y320_x256.png,320,256,832,832,512,256,2.0,8x8,2.0,3.2
54,6,6_y320_x320.png,320,320,832,832,512,256,2.0,8x8,2.0,3.2
55,7,7_y0_x0.png,0,0,832,832,512,256,2.0,8x8,2.0,3.2
56,7,7_y0_x256.png,0,256,832,832,512,256,2.0,8x8,2.0,3.2
57,7,7_y0_x320.png,0,320,832,832,512,256,2.0,8x8,2.0,3.2
58,7,7_y256_x0.png,256,0,832,832,512,256,2.0,8x8,2.0,3.2
59,7,7_y256_x256.png,256,256,832,832,512,256,2.0,8x8,2.0,3.2
60,7,7_y256_x320.png,256,320,832,832,512,256,2.0,8x8,2.0,3.2
61,7,7_y320_x0.png,320,0,832,832,512,256,2.0,8x8,2.0,3.2
62,7,7_y320_x256.png,320,256,832,832,512,256,2.0,8x8,2.0,3.2
63,7,7_y320_x320.png,320,320,832,832,512,256,2.0,8x8,2.0,3.2
64,8,8_y0_x0.png,0,0,832,832,512,256,2.0,8x8,2.0,3.2
65,8,8_y0_x256.png,0,256,832,832,512,256,2.0,8x8,2.0,3.2
66,8,8_y0_x320.png,0,320,832,832,512,256,2.0,8x8,2.0,3.2
67,8,8_y256_x0.png,256,0,832,832,512,256,2.0,8x8,2.0,3.2
68,8,8_y256_x256.png,256,256,832,832,512,256,2.0,8x8,2.0,3.2
69,8,8_y256_x320.png,256,320,832,832,512,256,2.0,8x8,2.0,3.2
70,8,8_y320_x0.png,320,0,832,832,512,256,2.0,8x8,2.0,3.2
71,8,8_y320_x256.png,320,256,832,832,512,256,2.0,8x8,2.0,3.2
72,8,8_y320_x320.png,320,320,832,832,512,256,2.0,8x8,2.0,3.2
73,9,9_y0_x0.png,0,0,832,832,512,256,2.0,8x8,2.0,3.2
74,9,9_y0_x256.png,0,256,832,832,512,256,2.0,8x8,2.0,3.2
75,9,9_y0_x320.png,0,320,832,832,512,256,2.0,8x8,2.0,3.2
76,9,9_y256_x0.png,256,0,832,832,512,256,2.0,8x8,2.0,3.2
77,9,9_y256_x256.png,256,256,832,832,512,256,2.0,8x8,2.0,3.2
78,9,9_y256_x320.png,256,320,832,832,512,256,2.0,8x8,2.0,3.2
79,9,9_y320_x0.png,320,0,832,832,512,256,2.0,8x8,2.0,3.2
80,9,9_y320_x256.png,320,256,832,832,512,256,2.0,8x8,2.0,3.2
81,9,9_y320_x320.png,320,320,832,832,512,256,2.0,8x8,2.0,3.2
82,10,10_y0_x0.png,0,0,832,832,512,256,2.0,8x8,2.0,3.2
83,10,10_y0_x256.png,0,256,832,832,512,256,2.0,8x8,2.0,3.2
84,10,10_y0_x320.png,0,320,832,832,512,256,2.0,8x8,2.0,3.2
85,10,10_y256_x0.png,256,0,832,832,512,256,2.0,8x8,2.0,3.2
86,10,10_y256_x256.png,256,256,832,832,512,256,2.0,8x8,2.0,3.2
87,10,10_y256_x320.png,256,320,832,832,512,256,2.0,8x8,2.0,3.2
88,10,10_y320_x0.png,320,0,832,832,512,256,2.0,8x8,2.0,3.2
89,10,10_y320_x256.png,320,256,832,832,512,256,2.0,8x8,2.0,3.2
90,10,10_y320_x320.png,320,320,832,832,512,256,2.0,8x8,2.0,3.2
91,11,11_y0_x0.png,0,0,832,832,512,256,2.0,8x8,2.0,3.2
92,11,11_y0_x256.png,0,256,832,832,512,256,2.0,8x8,2.0,3.2
93,11,11_y0_x320.png,0,320,832,832,512,256,2.0,8x8,2.0,3.2
94,11,11_y256_x0.png,256,0,832,832,512,256,2.0,8x8,2.0,3.2
95,11,11_y256_x256.png,256,256,832,832,512,256,2.0,8x8,2.0,3.2
96,11,11_y256_x320.png,256,320,832,832,512,256,2.0,8x8,2.0,3.2
97,11,11_y320_x0.png,320,0,832,832,512,256,2.0,8x8,2.0,3.2
98,11,11_y320_x256.png,320,256,832,832,512,256,2.0,8x8,2.0,3.2
99,11,11_y320_x320.png,320,320,832,832,512,256,2.0,8x8,2.0,3.2
100,12,12_y0_x0.png,0,0,832,832,512,256,2.0,8x8,2.0,3.2
101,12,12_y0_x256.png,0,256,832,832,512,256,2.0,8x8,2.0,3.2
102,12,12_y0_x320.png,0,320,832,832,512,256,2.0,8x8,2.0,3.2
103,12,12_y256_x0.png,256,0,832,832,512,256,2.0,8x8,2.0,3.2
104,12,12_y256_x256.png,256,256,832,832,512,256,2.0,8x8,2.0,3.2
105,12,12_y256_x320.png,256,320,832,832,512,256,2.0,8x8,2.0,3.2
106,12,12_y320_x0.png,320,0,832,832,512,256,2.0,8x8,2.0,3.2
107,12,12_y320_x256.png,320,256,832,832,512,256,2.0,8x8,2.0,3.2
108,12,12_y320_x320.png,320,320,832,832,512,256,2.0,8x8,2.0,3.2
109,13,13_y0_x0.png,0,0,832,832,512,256,2.0,8x8,2.0,3.2
110,13,13_y0_x256.png,0,256,832,832,512,256,2.0,8x8,2.0,3.2
111,13,13_y0_x320.png,0,320,832,832,512,256,2.0,8x8,2.0,3.2
112,13,13_y256_x0.png,256,0,832,832,512,256,2.0,8x8,2.0,3.2
113,13,13_y256_x256.png,256,256,832,832,512,256,2.0,8x8,2.0,3.2
114,13,13_y256_x320.png,256,320,832,832,512,256,2.0,8x8,2.0,3.2
115,13,13_y320_x0.png,320,0,832,832,512,256,2.0,8x8,2.0,3.2
116,13,13_y320_x256.png,320,256,832,832,512,256,2.0,8x8,2.0,3.2
117,13,13_y320_x320.png,320,320,832,832,512,256,2.0,8x8,2.0,3.2
118,14,14_y0_x0.png,0,0,832,832,512,256,2.0,8x8,2.0,3.2
119,14,14_y0_x256.png,0,256,832,832,512,256,2.0,8x8,2.0,3.2
120,14,14_y0_x320.png,0,320,832,832,512,256,2.0,8x8,2.0,3.2
121,14,14_y256_x0.png,256,0,832,832,512,256,2.0,8x8,2.0,3.2
122,14,14_y256_x256.png,256,256,832,832,512,256,2.0,8x8,2.0,3.2
123,14,14_y256_x320.png,256,320,832,832,512,256,2.0,8x8,2.0,3.2
124,14,14_y320_x0.png,320,0,832,832,512,256,2.0,8x8,2.0,3.2
125,14,14_y320_x256.png,320,256,832,832,512,256,2.0,8x8,2.0,3.2
126,14,14_y320_x320.png,320,320,832,832,512,256,2.0,8x8,2.0,3.2
127,15,15_y0_x0.png,0,0,832,832,512,256,2.0,8x8,2.0,3.2
128,15,15_y0_x256.png,0,256,832,832,512,256,2.0,8x8,2.0,3.2
129,15,15_y0_x320.png,0,320,832,832,512,256,2.0,8x8,2.0,3.2
130,15,15_y256_x0.png,256,0,832,832,512,256,2.0,8x8,2.0,3.2
131,15,15_y256_x256.png,256,256,832,832,512,256,2.0,8x8,2.0,3.2
132,15,15_y256_x320.png,256,320,832,832,512,256,2.0,8x8,2.0,3.2
133,15,15_y320_x0.png,320,0,832,832,512,256,2.0,8x8,2.0,3.2
134,15,15_y320_x256.png,320,256,832,832,512,256,2.0,8x8,2.0,3.2
135,15,15_y320_x320.png,320,320,832,832,512,256,2.0,8x8,2.0,3.2
136,16,16_y0_x0.png,0,0,832,832,512,256,2.0,8x8,2.0,3.2
137,16,16_y0_x256.png,0,256,832,832,512,256,2.0,8x8,2.0,3.2
138,16,16_y0_x320.png,0,320,832,832,512,256,2.0,8x8,2.0,3.2
139,16,16_y256_x0.png,256,0,832,832,512,256,2.0,8x8,2.0,3.2
140,16,16_y256_x256.png,256,256,832,832,512,256,2.0,8x8,2.0,3.2
141,16,16_y256_x320.png,256,320,832,832,512,256,2.0,8x8,2.0,3.2
142,16,16_y320_x0.png,320,0,832,832,512,256,2.0,8x8,2.0,3.2
143,16,16_y320_x256.png,320,256,832,832,512,256,2.0,8x8,2.0,3.2
144,16,16_y320_x320.png,320,320,832,832,512,256,2.0,8x8,2.0,3.2
145,17,17_y0_x0.png,0,0,832,832,512,256,2.0,8x8,2.0,3.2
146,17,17_y0_x256.png,0,256,832,832,512,256,2.0,8x8,2.0,3.2
147,17,17_y0_x320.png,0,320,832,832,512,256,2.0,8x8,2.0,3.2
148,17,17_y256_x0.png,256,0,832,832,512,256,2.0,8x8,2.0,3.2
149,17,17_y256_x256.png,256,256,832,832,512,256,2.0,8x8,2.0,3.2
150,17,17_y256_x320.png,256,320,832,832,512,256,2.0,8x8,2.0,3.2
151,17,17_y320_x0.png,320,0,832,832,512,256,2.0,8x8,2.0,3.2
152,17,17_y320_x256.png,320,256,832,832,512,256,2.0,8x8,2.0,3.2
153,17,17_y320_x320.png,320,320,832,832,512,256,2.0,8x8,2.0,3.2
154,18,18_y0_x0.png,0,0,832,832,512,256,2.0,8x8,2.0,3.2
155,18,18_y0_x256.png,0,256,832,832,512,256,2.0,8x8,2.0,3.2
156,18,18_y0_x320.png,0,320,832,832,512,256,2.0,8x8,2.0,3.2
157,18,18_y256_x0.png,256,0,832,832,512,256,2.0,8x8,2.0,3.2
158,18,18_y256_x256.png,256,256,832,832,512,256,2.0,8x8,2.0,3.2
159,18,18_y256_x320.png,256,320,832,832,512,256,2.0,8x8,2.0,3.2
160,18,18_y320_x0.png,320,0,832,832,512,256,2.0,8x8,2.0,3.2
161,18,18_y320_x256.png,320,256,832,832,512,256,2.0,8x8,2.0,3.2
162,18,18_y320_x320.png,320,320,832,832,512,256,2.0,8x8,2.0,3.2
163,19,19_y0_x0.png,0,0,832,832,512,256,2.0,8x8,2.0,3.2
164,19,19_y0_x256.png,0,256,832,832,512,256,2.0,8x8,2.0,3.2
165,19,19_y0_x320.png,0,320,832,832,512,256,2.0,8x8,2.0,3.2
166,19,19_y256_x0.png,256,0,832,832,512,256,2.0,8x8,2.0,3.2
167,19,19_y256_x256.png,256,256,832,832,512,256,2.0,8x8,2.0,3.2
168,19,19_y256_x320.png,256,320,832,832,512,256,2.0,8x8,2.0,3.2
169,19,19_y320_x0.png,320,0,832,832,512,256,2.0,8x8,2.0,3.2
170,19,19_y320_x256.png,320,256,832,832,512,256,2.0,8x8,2.0,3.2
171,19,19_y320_x320.png,320,320,832,832,512,256,2.0,8x8,2.0,3.2
172,20,20_y0_x0.png,0,0,832,832,512,256,2.0,8x8,2.0,3.2
173,20,20_y0_x256.png,0,256,832,832,512,256,2.0,8x8,2.0,3.2
174,20,20_y0_x320.png,0,320,832,832,512,256,2.0,8x8,2.0,3.2
175,20,20_y256_x0.png,256,0,832,832,512,256,2.0,8x8,2.0,3.2
176,20,20_y256_x256.png,256,256,832,832,512,256,2.0,8x8,2.0,3.2
177,20,20_y256_x320.png,256,320,832,832,512,256,2.0,8x8,2.0,3.2
178,20,20_y320_x0.png,320,0,832,832,512,256,2.0,8x8,2.0,3.2
179,20,20_y320_x256.png,320,256,832,832,512,256,2.0,8x8,2.0,3.2
180,20,20_y320_x320.png,320,320,832,832,512,256,2.0,8x8,2.0,3.2
181,21,21_y0_x0.png,0,0,832,832,512,256,2.0,8x8,2.0,3.2
182,21,21_y0_x256.png,0,256,832,832,512,256,2.0,8x8,2.0,3.2
183,21,21_y0_x320.png,0,320,832,832,512,256,2.0,8x8,2.0,3.2
184,21,21_y256_x0.png,256,0,832,832,512,256,2.0,8x8,2.0,3.2
185,21,21_y256_x256.png,256,256,832,832,512,256,2.0,8x8,2.0,3.2
186,21,21_y256_x320.png,256,320,832,832,512,256,2.0,8x8,2.0,3.2
187,21,21_y320_x0.png,320,0,832,832,512,256,2.0,8x8,2.0,3.2
188,21,21_y320_x256.png,320,256,832,832,512,256,2.0,8x8,2.0,3.2
189,21,21_y320_x320.png,320,320,832,832,512,256,2.0,8x8,2.0,3.2
190,22,22_y0_x0.png,0,0,832,832,512,256,2.0,8x8,2.0,3.2
191,22,22_y0_x256.png,0,256,832,832,512,256,2.0,8x8,2.0,3.2
192,22,22_y0_x320.png,0,320,832,832,512,256,2.0,8x8,2.0,3.2
193,22,22_y256_x0.png,256,0,832,832,512,256,2.0,8x8,2.0,3.2
194,22,22_y256_x256.png,256,256,832,832,512,256,2.0,8x8,2.0,3.2
195,22,22_y256_x320.png,256,320,832,832,512,256,2.0,8x8,2.0,3.2
196,22,22_y320_x0.png,320,0,832,832,512,256,2.0,8x8,2.0,3.2
197,22,22_y320_x256.png,320,256,832,832,512,256,2.0,8x8,2.0,3.2
198,22,22_y320_x320.png,320,320,832,832,512,256,2.0,8x8,2.0,3.2
199,23,23_y0_x0.png,0,0,832,832,512,256,2.0,8x8,2.0,3.2
200,23,23_y0_x256.png,0,256,832,832,512,256,2.0,8x8,2.0,3.2
201,23,23_y0_x320.png,0,320,832,832,512,256,2.0,8x8,2.0,3.2
202,23,23_y256_x0.png,256,0,832,832,512,256,2.0,8x8,2.0,3.2
203,23,23_y256_x256.png,256,256,832,832,512,256,2.0,8x8,2.0,3.2
204,23,23_y256_x320.png,256,320,832,832,512,256,2.0,8x8,2.0,3.2
205,23,23_y320_x0.png,320,0,832,832,512,256,2.0,8x8,2.0,3.2
206,23,23_y320_x256.png,320,256,832,832,512,256,2.0,8x8,2.0,3.2
207,23,23_y320_x320.png,320,320,832,832,512,256,2.0,8x8,2.0,3.2
208,24,24_y0_x0.png,0,0,832,832,512,256,2.0,8x8,2.0,3.2
209,24,24_y0_x256.png,0,256,832,832,512,256,2.0,8x8,2.0,3.2
210,24,24_y0_x320.png,0,320,832,832,512,256,2.0,8x8,2.0,3.2
211,24,24_y256_x0.png,256,0,832,832,512,256,2.0,8x8,2.0,3.2
212,24,24_y256_x256.png,256,256,832,832,512,256,2.0,8x8,2.0,3.2
213,24,24_y256_x320.png,256,320,832,832,512,256,2.0,8x8,2.0,3.2
214,24,24_y320_x0.png,320,0,832,832,512,256,2.0,8x8,2.0,3.2
215,24,24_y320_x256.png,320,256,832,832,512,256,2.0,8x8,2.0,3.2
216,24,24_y320_x320.png,320,320,832,832,512,256,2.0,8x8,2.0,3.2
217,25,25_y0_x0.png,0,0,832,832,512,256,2.0,8x8,2.0,3.2
218,25,25_y0_x256.png,0,256,832,832,512,256,2.0,8x8,2.0,3.2
219,25,25_y0_x320.png,0,320,832,832,512,256,2.0,8x8,2.0,3.2
220,25,25_y256_x0.png,256,0,832,832,512,256,2.0,8x8,2.0,3.2
221,25,25_y256_x256.png,256,256,832,832,512,256,2.0,8x8,2.0,3.2
222,25,25_y256_x320.png,256,320,832,832,512,256,2.0,8x8,2.0,3.2
223,25,25_y320_x0.png,320,0,832,832,512,256,2.0,8x8,2.0,3.2
224,25,25_y320_x256.png,320,256,832,832,512,256,2.0,8x8,2.0,3.2
225,25,25_y320_x320.png,320,320,832,832,512,256,2.0,8x8,2.0,3.2
226,26,26_y0_x0.png,0,0,832,832,512,256,2.0,8x8,2.0,3.2
227,26,26_y0_x256.png,0,256,832,832,512,256,2.0,8x8,2.0,3.2
228,26,26_y0_x320.png,0,320,832,832,512,256,2.0,8x8,2.0,3.2
229,26,26_y256_x0.png,256,0,832,832,512,256,2.0,8x8,2.0,3.2
230,26,26_y256_x256.png,256,256,832,832,512,256,2.0,8x8,2.0,3.2
231,26,26_y256_x320.png,256,320,832,832,512,256,2.0,8x8,2.0,3.2
232,26,26_y320_x0.png,320,0,832,832,512,256,2.0,8x8,2.0,3.2
233,26,26_y320_x256.png,320,256,832,832,512,256,2.0,8x8,2.0,3.2
234,26,26_y320_x320.png,320,320,832,832,512,256,2.0,8x8,2.0,3.2
235,27,27_y0_x0.png,0,0,832,832,512,256,2.0,8x8,2.0,3.2
236,27,27_y0_x256.png,0,256,832,832,512,256,2.0,8x8,2.0,3.2
237,27,27_y0_x320.png,0,320,832,832,512,256,2.0,8x8,2.0,3.2
238,27,27_y256_x0.png,256,0,832,832,512,256,2.0,8x8,2.0,3.2
239,27,27_y256_x256.png,256,256,832,832,512,256,2.0,8x8,2.0,3.2
240,27,27_y256_x320.png,256,320,832,832,512,256,2.0,8x8,2.0,3.2
241,27,27_y320_x0.png,320,0,832,832,512,256,2.0,8x8,2.0,3.2
242,27,27_y320_x256.png,320,256,832,832,512,256,2.0,8x8,2.0,3.2
243,27,27_y320_x320.png,320,320,832,832,512,256,2.0,8x8,2.0,3.2
244,28,28_y0_x0.png,0,0,832,832,512,256,2.0,8x8,2.0,3.2
245,28,28_y0_x256.png,0,256,832,832,512,256,2.0,8x8,2.0,3.2
246,28,28_y0_x320.png,0,320,832,832,512,256,2.0,8x8,2.0,3.2
247,28,28_y256_x0.png,256,0,832,832,512,256,2.0,8x8,2.0,3.2
248,28,28_y256_x256.png,256,256,832,832,512,256,2.0,8x8,2.0,3.2
249,28,28_y256_x320.png,256,320,832,832,512,256,2.0,8x8,2.0,3.2
250,28,28_y320_x0.png,320,0,832,832,512,256,2.0,8x8,2.0,3.2
251,28,28_y320_x256.png,320,256,832,832,512,256,2.0,8x8,2.0,3.2
252,28,28_y320_x320.png,320,320,832,832,512,256,2.0,8x8,2.0,3.2
253,29,29_y0_x0.png,0,0,832,832,512,256,2.0,8x8,2.0,3.2
254,29,29_y0_x256.png,0,256,832,832,512,256,2.0,8x8,2.0,3.2
255,29,29_y0_x320.png,0,320,832,832,512,256,2.0,8x8,2.0,3.2
256,29,29_y256_x0.png,256,0,832,832,512,256,2.0,8x8,2.0,3.2
257,29,29_y256_x256.png,256,256,832,832,512,256,2.0,8x8,2.0,3.2
258,29,29_y256_x320.png,256,320,832,832,512,256,2.0,8x8,2.0,3.2
259,29,29_y320_x0.png,320,0,832,832,512,256,2.0,8x8,2.0,3.2
260,29,29_y320_x256.png,320,256,832,832,512,256,2.0,8x8,2.0,3.2
261,29,29_y320_x320.png,320,320,832,832,512,256,2.0,8x8,2.0,3.2
262,30,30_y0_x0.png,0,0,832,832,512,256,2.0,8x8,2.0,3.2
263,30,30_y0_x256.png,0,256,832,832,512,256,2.0,8x8,2.0,3.2
264,30,30_y0_x320.png,0,320,832,832,512,256,2.0,8x8,2.0,3.2
265,30,30_y256_x0.png,256,0,832,832,512,256,2.0,8x8,2.0,3.2
266,30,30_y256_x256.png,256,256,832,832,512,256,2.0,8x8,2.0,3.2
267,30,30_y256_x320.png,256,320,832,832,512,256,2.0,8x8,2.0,3.2
268,30,30_y320_x0.png,320,0,832,832,512,256,2.0,8x8,2.0,3.2
269,30,30_y320_x256.png,320,256,832,832,512,256,2.0,8x8,2.0,3.2
270,30,30_y320_x320.png,320,320,832,832,512,256,2.0,8x8,2.0,3.2
271,31,31_y0_x0.png,0,0,832,832,512,256,2.0,8x8,2.0,3.2
272,31,31_y0_x256.png,0,256,832,832,512,256,2.0,8x8,2.0,3.2
273,31,31_y0_x320.png,0,320,832,832,512,256,2.0,8x8,2.0,3.2
274,31,31_y256_x0.png,256,0,832,832,512,256,2.0,8x8,2.0,3.2
275,31,31_y256_x256.png,256,256,832,832,512,256,2.0,8x8,2.0,3.2
276,31,31_y256_x320.png,256,320,832,832,512,256,2.0,8x8,2.0,3.2
277,31,31_y320_x0.png,320,0,832,832,512,256,2.0,8x8,2.0,3.2
278,31,31_y320_x256.png,320,256,832,832,512,256,2.0,8x8,2.0,3.2
279,31,31_y320_x320.png,320,320,832,832,512,256,2.0,8x8,2.0,3.2
280,32,32_y0_x0.png,0,0,832,832,512,256,2.0,8x8,2.0,3.2
281,32,32_y0_x256.png,0,256,832,832,512,256,2.0,8x8,2.0,3.2
282,32,32_y0_x320.png,0,320,832,832,512,256,2.0,8x8,2.0,3.2
283,32,32_y256_x0.png,256,0,832,832,512,256,2.0,8x8,2.0,3.2
284,32,32_y256_x256.png,256,256,832,832,512,256,2.0,8x8,2.0,3.2
285,32,32_y256_x320.png,256,320,832,832,512,256,2.0,8x8,2.0,3.2
286,32,32_y320_x0.png,320,0,832,832,512,256,2.0,8x8,2.0,3.2
287,32,32_y320_x256.png,320,256,832,832,512,256,2.0,8x8,2.0,3.2
288,32,32_y320_x320.png,320,320,832,832,512,256,2.0,8x8,2.0,3.2
289,33,33_y0_x0.png,0,0,832,832,512,256,2.0,8x8,2.0,3.2
290,33,33_y0_x256.png,0,256,832,832,512,256,2.0,8x8,2.0,3.2
291,33,33_y0_x320.png,0,320,832,832,512,256,2.0,8x8,2.0,3.2
292,33,33_y256_x0.png,256,0,832,832,512,256,2.0,8x8,2.0,3.2
293,33,33_y256_x256.png,256,256,832,832,512,256,2.0,8x8,2.0,3.2
294,33,33_y256_x320.png,256,320,832,832,512,256,2.0,8x8,2.0,3.2
295,33,33_y320_x0.png,320,0,832,832,512,256,2.0,8x8,2.0,3.2
296,33,33_y320_x256.png,320,256,832,832,512,256,2.0,8x8,2.0,3.2
297,33,33_y320_x320.png,320,320,832,832,512,256,2.0,8x8,2.0,3.2
298,34,34_y0_x0.png,0,0,832,832,512,256,2.0,8x8,2.0,3.2
299,34,34_y0_x256.png,0,256,832,832,512,256,2.0,8x8,2.0,3.2
300,34,34_y0_x320.png,0,320,832,832,512,256,2.0,8x8,2.0,3.2
301,34,34_y256_x0.png,256,0,832,832,512,256,2.0,8x8,2.0,3.2
302,34,34_y256_x256.png,256,256,832,832,512,256,2.0,8x8,2.0,3.2
303,34,34_y256_x320.png,256,320,832,832,512,256,2.0,8x8,2.0,3.2
304,34,34_y320_x0.png,320,0,832,832,512,256,2.0,8x8,2.0,3.2
305,34,34_y320_x256.png,320,256,832,832,512,256,2.0,8x8,2.0,3.2
306,34,34_y320_x320.png,320,320,832,832,512,256,2.0,8x8,2.0,3.2
307,35,35_y0_x0.png,0,0,832,832,512,256,2.0,8x8,2.0,3.2
308,35,35_y0_x256.png,0,256,832,832,512,256,2.0,8x8,2.0,3.2
309,35,35_y0_x320.png,0,320,832,832,512,256,2.0,8x8,2.0,3.2
310,35,35_y256_x0.png,256,0,832,832,512,256,2.0,8x8,2.0,3.2
311,35,35_y256_x256.png,256,256,832,832,512,256,2.0,8x8,2.0,3.2
312,35,35_y256_x320.png,256,320,832,832,512,256,2.0,8x8,2.0,3.2
313,35,35_y320_x0.png,320,0,832,832,512,256,2.0,8x8,2.0,3.2
314,35,35_y320_x256.png,320,256,832,832,512,256,2.0,8x8,2.0,3.2
315,35,35_y320_x320.png,320,320,832,832,512,256,2.0,8x8,2.0,3.2
316,36,36_y0_x0.png,0,0,832,832,512,256,2.0,8x8,2.0,3.2
317,36,36_y0_x256.png,0,256,832,832,512,256,2.0,8x8,2.0,3.2
318,36,36_y0_x320.png,0,320,832,832,512,256,2.0,8x8,2.0,3.2
319,36,36_y256_x0.png,256,0,832,832,512,256,2.0,8x8,2.0,3.2
320,36,36_y256_x256.png,256,256,832,832,512,256,2.0,8x8,2.0,3.2
321,36,36_y256_x320.png,256,320,832,832,512,256,2.0,8x8,2.0,3.2
322,36,36_y320_x0.png,320,0,832,832,512,256,2.0,8x8,2.0,3.2
323,36,36_y320_x256.png,320,256,832,832,512,256,2.0,8x8,2.0,3.2
324,36,36_y320_x320.png,320,320,832,832,512,256,2.0,8x8,2.0,3.2
325,37,37_y0_x0.png,0,0,832,832,512,256,2.0,8x8,2.0,3.2
326,37,37_y0_x256.png,0,256,832,832,512,256,2.0,8x8,2.0,3.2
327,37,37_y0_x320.png,0,320,832,832,512,256,2.0,8x8,2.0,3.2
328,37,37_y256_x0.png,256,0,832,832,512,256,2.0,8x8,2.0,3.2
329,37,37_y256_x256.png,256,256,832,832,512,256,2.0,8x8,2.0,3.2
330,37,37_y256_x320.png,256,320,832,832,512,256,2.0,8x8,2.0,3.2
331,37,37_y320_x0.png,320,0,832,832,512,256,2.0,8x8,2.0,3.2
332,37,37_y320_x256.png,320,256,832,832,512,256,2.0,8x8,2.0,3.2
333,37,37_y320_x320.png,320,320,832,832,512,256,2.0,8x8,2.0,3.2
334,38,38_y0_x0.png,0,0,832,832,512,256,2.0,8x8,2.0,3.2
335,38,38_y0_x256.png,0,256,832,832,512,256,2.0,8x8,2.0,3.2
336,38,38_y0_x320.png,0,320,832,832,512,256,2.0,8x8,2.0,3.2
337,38,38_y256_x0.png,256,0,832,832,512,256,2.0,8x8,2.0,3.2
338,38,38_y256_x256.png,256,256,832,832,512,256,2.0,8x8,2.0,3.2
339,38,38_y256_x320.png,256,320,832,832,512,256,2.0,8x8,2.0,3.2
340,38,38_y320_x0.png,320,0,832,832,512,256,2.0,8x8,2.0,3.2
341,38,38_y320_x256.png,320,256,832,832,512,256,2.0,8x8,2.0,3.2
342,38,38_y320_x320.png,320,320,832,832,512,256,2.0,8x8,2.0,3.2
343,39,39_y0_x0.png,0,0,832,832,512,256,2.0,8x8,2.0,3.2
344,39,39_y0_x256.png,0,256,832,832,512,256,2.0,8x8,2.0,3.2
345,39,39_y0_x320.png,0,320,832,832,512,256,2.0,8x8,2.0,3.2
346,39,39_y256_x0.png,256,0,832,832,512,256,2.0,8x8,2.0,3.2
347,39,39_y256_x256.png,256,256,832,832,512,256,2.0,8x8,2.0,3.2
348,39,39_y256_x320.png,256,320,832,832,512,256,2.0,8x8,2.0,3.2
349,39,39_y320_x0.png,320,0,832,832,512,256,2.0,8x8,2.0,3.2
350,39,39_y320_x256.png,320,256,832,832,512,256,2.0,8x8,2.0,3.2
351,39,39_y320_x320.png,320,320,832,832,512,256,2.0,8x8,2.0,3.2
352,40,40_y0_x0.png,0,0,832,832,512,256,2.0,8x8,2.0,3.2
353,40,40_y0_x256.png,0,256,832,832,512,256,2.0,8x8,2.0,3.2
354,40,40_y0_x320.png,0,320,832,832,512,256,2.0,8x8,2.0,3.2
355,40,40_y256_x0.png,256,0,832,832,512,256,2.0,8x8,2.0,3.2
356,40,40_y256_x256.png,256,256,832,832,512,256,2.0,8x8,2.0,3.2
357,40,40_y256_x320.png,256,320,832,832,512,256,2.0,8x8,2.0,3.2
358,40,40_y320_x0.png,320,0,832,832,512,256,2.0,8x8,2.0,3.2
359,40,40_y320_x256.png,320,256,832,832,512,256,2.0,8x8,2.0,3.2
360,40,40_y320_x320.png,320,320,832,832,512,256,2.0,8x8,2.0,3.2
361,41,41_y0_x0.png,0,0,832,832,512,256,2.0,8x8,2.0,3.2
362,41,41_y0_x256.png,0,256,832,832,512,256,2.0,8x8,2.0,3.2
363,41,41_y0_x320.png,0,320,832,832,512,256,2.0,8x8,2.0,3.2
364,41,41_y256_x0.png,256,0,832,832,512,256,2.0,8x8,2.0,3.2
365,41,41_y256_x256.png,256,256,832,832,512,256,2.0,8x8,2.0,3.2
366,41,41_y256_x320.png,256,320,832,832,512,256,2.0,8x8,2.0,3.2
367,41,41_y320_x0.png,320,0,832,832,512,256,2.0,8x8,2.0,3.2
368,41,41_y320_x256.png,320,256,832,832,512,256,2.0,8x8,2.0,3.2
369,41,41_y320_x320.png,320,320,832,832,512,256,2.0,8x8,2.0,3.2
370,42,42_y0_x0.png,0,0,832,832,512,256,2.0,8x8,2.0,3.2
371,42,42_y0_x256.png,0,256,832,832,512,256,2.0,8x8,2.0,3.2
372,42,42_y0_x320.png,0,320,832,832,512,256,2.0,8x8,2.0,3.2
373,42,42_y256_x0.png,256,0,832,832,512,256,2.0,8x8,2.0,3.2
374,42,42_y256_x256.png,256,256,832,832,512,256,2.0,8x8,2.0,3.2
375,42,42_y256_x320.png,256,320,832,832,512,256,2.0,8x8,2.0,3.2
376,42,42_y320_x0.png,320,0,832,832,512,256,2.0,8x8,2.0,3.2
377,42,42_y320_x256.png,320,256,832,832,512,256,2.0,8x8,2.0,3.2
378,42,42_y320_x320.png,320,320,832,832,512,256,2.0,8x8,2.0,3.2
379,43,43_y0_x0.png,0,0,832,832,512,256,2.0,8x8,2.0,3.2
380,43,43_y0_x256.png,0,256,832,832,512,256,2.0,8x8,2.0,3.2
381,43,43_y0_x320.png,0,320,832,832,512,256,2.0,8x8,2.0,3.2
382,43,43_y256_x0.png,256,0,832,832,512,256,2.0,8x8,2.0,3.2
383,43,43_y256_x256.png,256,256,832,832,512,256,2.0,8x8,2.0,3.2
384,43,43_y256_x320.png,256,320,832,832,512,256,2.0,8x8,2.0,3.2
385,43,43_y320_x0.png,320,0,832,832,512,256,2.0,8x8,2.0,3.2
386,43,43_y320_x256.png,320,256,832,832,512,256,2.0,8x8,2.0,3.2
387,43,43_y320_x320.png,320,320,832,832,512,256,2.0,8x8,2.0,3.2
388,44,44_y0_x0.png,0,0,832,832,512,256,2.0,8x8,2.0,3.2
389,44,44_y0_x256.png,0,256,832,832,512,256,2.0,8x8,2.0,3.2
390,44,44_y0_x320.png,0,320,832,832,512,256,2.0,8x8,2.0,3.2
391,44,44_y256_x0.png,256,0,832,832,512,256,2.0,8x8,2.0,3.2
392,44,44_y256_x256.png,256,256,832,832,512,256,2.0,8x8,2.0,3.2
393,44,44_y256_x320.png,256,320,832,832,512,256,2.0,8x8,2.0,3.2
394,44,44_y320_x0.png,320,0,832,832,512,256,2.0,8x8,2.0,3.2
395,44,44_y320_x256.png,320,256,832,832,512,256,2.0,8x8,2.0,3.2
396,44,44_y320_x320.png,320,320,832,832,512,256,2.0,8x8,2.0,3.2
397,45,45_y0_x0.png,0,0,832,832,512,256,2.0,8x8,2.0,3.2
398,45,45_y0_x256.png,0,256,832,832,512,256,2.0,8x8,2.0,3.2
399,45,45_y0_x320.png,0,320,832,832,512,256,2.0,8x8,2.0,3.2
400,45,45_y256_x0.png,256,0,832,832,512,256,2.0,8x8,2.0,3.2
401,45,45_y256_x256.png,256,256,832,832,512,256,2.0,8x8,2.0,3.2
402,45,45_y256_x320.png,256,320,832,832,512,256,2.0,8x8,2.0,3.2
403,45,45_y320_x0.png,320,0,832,832,512,256,2.0,8x8,2.0,3.2
404,45,45_y320_x256.png,320,256,832,832,512,256,2.0,8x8,2.0,3.2
405,45,45_y320_x320.png,320,320,832,832,512,256,2.0,8x8,2.0,3.2
406,46,46_y0_x0.png,0,0,832,832,512,256,2.0,8x8,2.0,3.2
407,46,46_y0_x256.png,0,256,832,832,512,256,2.0,8x8,2.0,3.2
408,46,46_y0_x320.png,0,320,832,832,512,256,2.0,8x8,2.0,3.2
409,46,46_y256_x0.png,256,0,832,832,512,256,2.0,8x8,2.0,3.2
410,46,46_y256_x256.png,256,256,832,832,512,256,2.0,8x8,2.0,3.2
411,46,46_y256_x320.png,256,320,832,832,512,256,2.0,8x8,2.0,3.2
412,46,46_y320_x0.png,320,0,832,832,512,256,2.0,8x8,2.0,3.2
413,46,46_y320_x256.png,320,256,832,832,512,256,2.0,8x8,2.0,3.2
414,46,46_y320_x320.png,320,320,832,832,512,256,2.0,8x8,2.0,3.2
415,47,47_y0_x0.png,0,0,832,832,512,256,2.0,8x8,2.0,3.2
416,47,47_y0_x256.png,0,256,832,832,512,256,2.0,8x8,2.0,3.2
417,47,47_y0_x320.png,0,320,832,832,512,256,2.0,8x8,2.0,3.2
418,47,47_y256_x0.png,256,0,832,832,512,256,2.0,8x8,2.0,3.2
419,47,47_y256_x256.png,256,256,832,832,512,256,2.0,8x8,2.0,3.2
420,47,47_y256_x320.png,256,320,832,832,512,256,2.0,8x8,2.0,3.2
421,47,47_y320_x0.png,320,0,832,832,512,256,2.0,8x8,2.0,3.2
422,47,47_y320_x256.png,320,256,832,832,512,256,2.0,8x8,2.0,3.2
423,47,47_y320_x320.png,320,320,832,832,512,256,2.0,8x8,2.0,3.2
424,48,48_y0_x0.png,0,0,832,832,512,256,2.0,8x8,2.0,3.2
425,48,48_y0_x256.png,0,256,832,832,512,256,2.0,8x8,2.0,3.2
426,48,48_y0_x320.png,0,320,832,832,512,256,2.0,8x8,2.0,3.2
427,48,48_y256_x0.png,256,0,832,832,512,256,2.0,8x8,2.0,3.2
428,48,48_y256_x256.png,256,256,832,832,512,256,2.0,8x8,2.0,3.2
429,48,48_y256_x320.png,256,320,832,832,512,256,2.0,8x8,2.0,3.2
430,48,48_y320_x0.png,320,0,832,832,512,256,2.0,8x8,2.0,3.2
431,48,48_y320_x256.png,320,256,832,832,512,256,2.0,8x8,2.0,3.2
432,48,48_y320_x320.png,320,320,832,832,512,256,2.0,8x8,2.0,3.2
433,49,49_y0_x0.png,0,0,832,832,512,256,2.0,8x8,2.0,3.2
434,49,49_y0_x256.png,0,256,832,832,512,256,2.0,8x8,2.0,3.2
435,49,49_y0_x320.png,0,320,832,832,512,256,2.0,8x8,2.0,3.2
436,49,49_y256_x0.png,256,0,832,832,512,256,2.0,8x8,2.0,3.2
437,49,49_y256_x256.png,256,256,832,832,512,256,2.0,8x8,2.0,3.2
438,49,49_y256_x320.png,256,320,832,832,512,256,2.0,8x8,2.0,3.2
439,49,49_y320_x0.png,320,0,832,832,512,256,2.0,8x8,2.0,3.2
440,49,49_y320_x256.png,320,256,832,832,512,256,2.0,8x8,2.0,3.2
441,49,49_y320_x320.png,320,320,832,832,512,256,2.0,8x8,2.0,3.2
442,50,50_y0_x0.png,0,0,832,832,512,256,2.0,8x8,2.0,3.2
443,50,50_y0_x256.png,0,256,832,832,512,256,2.0,8x8,2.0,3.2
444,50,50_y0_x320.png,0,320,832,832,512,256,2.0,8x8,2.0,3.2
445,50,50_y256_x0.png,256,0,832,832,512,256,2.0,8x8,2.0,3.2
446,50,50_y256_x256.png,256,256,832,832,512,256,2.0,8x8,2.0,3.2
447,50,50_y256_x320.png,256,320,832,832,512,256,2.0,8x8,2.0,3.2
448,50,50_y320_x0.png,320,0,832,832,512,256,2.0,8x8,2.0,3.2
449,50,50_y320_x256.png,320,256,832,832,512,256,2.0,8x8,2.0,3.2
450,50,50_y320_x320.png,320,320,832,832,512,256,2.0,8x8,2.0,3.2
451,51,51_y0_x0.png,0,0,832,832,512,256,2.0,8x8,2.0,3.2
452,51,51_y0_x256.png,0,256,832,832,512,256,2.0,8x8,2.0,3.2
453,51,51_y0_x320.png,0,320,832,832,512,256,2.0,8x8,2.0,3.2
454,51,51_y256_x0.png,256,0,832,832,512,256,2.0,8x8,2.0,3.2
455,51,51_y256_x256.png,256,256,832,832,512,256,2.0,8x8,2.0,3.2
456,51,51_y256_x320.png,256,320,832,832,512,256,2.0,8x8,2.0,3.2
457,51,51_y320_x0.png,320,0,832,832,512,256,2.0,8x8,2.0,3.2
458,51,51_y320_x256.png,320,256,832,832,512,256,2.0,8x8,2.0,3.2
459,51,51_y320_x320.png,320,320,832,832,512,256,2.0,8x8,2.0,3.2
460,52,52_y0_x0.png,0,0,832,832,512,256,2.0,8x8,2.0,3.2
461,52,52_y0_x256.png,0,256,832,832,512,256,2.0,8x8,2.0,3.2
462,52,52_y0_x320.png,0,320,832,832,512,256,2.0,8x8,2.0,3.2
463,52,52_y256_x0.png,256,0,832,832,512,256,2.0,8x8,2.0,3.2
464,52,52_y256_x256.png,256,256,832,832,512,256,2.0,8x8,2.0,3.2
465,52,52_y256_x320.png,256,320,832,832,512,256,2.0,8x8,2.0,3.2
466,52,52_y320_x0.png,320,0,832,832,512,256,2.0,8x8,2.0,3.2
467,52,52_y320_x256.png,320,256,832,832,512,256,2.0,8x8,2.0,3.2
468,52,52_y320_x320.png,320,320,832,832,512,256,2.0,8x8,2.0,3.2
469,53,53_y0_x0.png,0,0,832,832,512,256,2.0,8x8,2.0,3.2
470,53,53_y0_x256.png,0,256,832,832,512,256,2.0,8x8,2.0,3.2
471,53,53_y0_x320.png,0,320,832,832,512,256,2.0,8x8,2.0,3.2
472,53,53_y256_x0.png,256,0,832,832,512,256,2.0,8x8,2.0,3.2
473,53,53_y256_x256.png,256,256,832,832,512,256,2.0,8x8,2.0,3.2
474,53,53_y256_x320.png,256,320,832,832,512,256,2.0,8x8,2.0,3.2
475,53,53_y320_x0.png,320,0,832,832,512,256,2.0,8x8,2.0,3.2
476,53,53_y320_x256.png,320,256,832,832,512,256,2.0,8x8,2.0,3.2
477,53,53_y320_x320.png,320,320,832,832,512,256,2.0,8x8,2.0,3.2
478,54,54_y0_x0.png,0,0,832,832,512,256,2.0,8x8,2.0,3.2
479,54,54_y0_x256.png,0,256,832,832,512,256,2.0,8x8,2.0,3.2
480,54,54_y0_x320.png,0,320,832,832,512,256,2.0,8x8,2.0,3.2
481,54,54_y256_x0.png,256,0,832,832,512,256,2.0,8x8,2.0,3.2
482,54,54_y256_x256.png,256,256,832,832,512,256,2.0,8x8,2.0,3.2
483,54,54_y256_x320.png,256,320,832,832,512,256,2.0,8x8,2.0,3.2
484,54,54_y320_x0.png,320,0,832,832,512,256,2.0,8x8,2.0,3.2
485,54,54_y320_x256.png,320,256,832,832,512,256,2.0,8x8,2.0,3.2
486,54,54_y320_x320.png,320,320,832,832,512,256,2.0,8x8,2.0,3.2
487,55,55_y0_x0.png,0,0,832,832,512,256,2.0,8x8,2.0,3.2
488,55,55_y0_x256.png,0,256,832,832,512,256,2.0,8x8,2.0,3.2
489,55,55_y0_x320.png,0,320,832,832,512,256,2.0,8x8,2.0,3.2
490,55,55_y256_x0.png,256,0,832,832,512,256,2.0,8x8,2.0,3.2
491,55,55_y256_x256.png,256,256,832,832,512,256,2.0,8x8,2.0,3.2
492,55,55_y256_x320.png,256,320,832,832,512,256,2.0,8x8,2.0,3.2
493,55,55_y320_x0.png,320,0,832,832,512,256,2.0,8x8,2.0,3.2
494,55,55_y320_x256.png,320,256,832,832,512,256,2.0,8x8,2.0,3.2
495,55,55_y320_x320.png,320,320,832,832,512,256,2.0,8x8,2.0,3.2
496,56,56_y0_x0.png,0,0,832,832,512,256,2.0,8x8,2.0,3.2
497,56,56_y0_x256.png,0,256,832,832,512,256,2.0,8x8,2.0,3.2
498,56,56_y0_x320.png,0,320,832,832,512,256,2.0,8x8,2.0,3.2
499,56,56_y256_x0.png,256,0,832,832,512,256,2.0,8x8,2.0,3.2
500,56,56_y256_x256.png,256,256,832,832,512,256,2.0,8x8,2.0,3.2
501,56,56_y256_x320.png,256,320,832,832,512,256,2.0,8x8,2.0,3.2
502,56,56_y320_x0.png,320,0,832,832,512,256,2.0,8x8,2.0,3.2
503,56,56_y320_x256.png,320,256,832,832,512,256,2.0,8x8,2.0,3.2
504,56,56_y320_x320.png,320,320,832,832,512,256,2.0,8x8,2.0,3.2
505,57,57_y0_x0.png,0,0,832,832,512,256,2.0,8x8,2.0,3.2
506,57,57_y0_x256.png,0,256,832,832,512,256,2.0,8x8,2.0,3.2
507,57,57_y0_x320.png,0,320,832,832,512,256,2.0,8x8,2.0,3.2
508,57,57_y256_x0.png,256,0,832,832,512,256,2.0,8x8,2.0,3.2
509,57,57_y256_x256.png,256,256,832,832,512,256,2.0,8x8,2.0,3.2
510,57,57_y256_x320.png,256,320,832,832,512,256,2.0,8x8,2.0,3.2
511,57,57_y320_x0.png,320,0,832,832,512,256,2.0,8x8,2.0,3.2
512,57,57_y320_x256.png,320,256,832,832,512,256,2.0,8x8,2.0,3.2
513,57,57_y320_x320.png,320,320,832,832,512,256,2.0,8x8,2.0,3.2
514,58,58_y0_x0.png,0,0,832,832,512,256,2.0,8x8,2.0,3.2
515,58,58_y0_x256.png,0,256,832,832,512,256,2.0,8x8,2.0,3.2
516,58,58_y0_x320.png,0,320,832,832,512,256,2.0,8x8,2.0,3.2
517,58,58_y256_x0.png,256,0,832,832,512,256,2.0,8x8,2.0,3.2
518,58,58_y256_x256.png,256,256,832,832,512,256,2.0,8x8,2.0,3.2
519,58,58_y256_x320.png,256,320,832,832,512,256,2.0,8x8,2.0,3.2
520,58,58_y320_x0.png,320,0,832,832,512,256,2.0,8x8,2.0,3.2
521,58,58_y320_x256.png,320,256,832,832,512,256,2.0,8x8,2.0,3.2
522,58,58_y320_x320.png,320,320,832,832,512,256,2.0,8x8,2.0,3.2
523,59,59_y0_x0.png,0,0,832,832,512,256,2.0,8x8,2.0,3.2
524,59,59_y0_x256.png,0,256,832,832,512,256,2.0,8x8,2.0,3.2
525,59,59_y0_x320.png,0,320,832,832,512,256,2.0,8x8,2.0,3.2
526,59,59_y256_x0.png,256,0,832,832,512,256,2.0,8x8,2.0,3.2
527,59,59_y256_x256.png,256,256,832,832,512,256,2.0,8x8,2.0,3.2
528,59,59_y256_x320.png,256,320,832,832,512,256,2.0,8x8,2.0,3.2
529,59,59_y320_x0.png,320,0,832,832,512,256,2.0,8x8,2.0,3.2
530,59,59_y320_x256.png,320,256,832,832,512,256,2.0,8x8,2.0,3.2
531,59,59_y320_x320.png,320,320,832,832,512,256,2.0,8x8,2.0,3.2
532,60,60_y0_x0.png,0,0,832,832,512,256,2.0,8x8,2.0,3.2
533,60,60_y0_x256.png,0,256,832,832,512,256,2.0,8x8,2.0,3.2
534,60,60_y0_x320.png,0,320,832,832,512,256,2.0,8x8,2.0,3.2
535,60,60_y256_x0.png,256,0,832,832,512,256,2.0,8x8,2.0,3.2
536,60,60_y256_x256.png,256,256,832,832,512,256,2.0,8x8,2.0,3.2
537,60,60_y256_x320.png,256,320,832,832,512,256,2.0,8x8,2.0,3.2
538,60,60_y320_x0.png,320,0,832,832,512,256,2.0,8x8,2.0,3.2
539,60,60_y320_x256.png,320,256,832,832,512,256,2.0,8x8,2.0,3.2
540,60,60_y320_x320.png,320,320,832,832,512,256,2.0,8x8,2.0,3.2
541,61,61_y0_x0.png,0,0,832,832,512,256,2.0,8x8,2.0,3.2
542,61,61_y0_x256.png,0,256,832,832,512,256,2.0,8x8,2.0,3.2
543,61,61_y0_x320.png,0,320,832,832,512,256,2.0,8x8,2.0,3.2
544,61,61_y256_x0.png,256,0,832,832,512,256,2.0,8x8,2.0,3.2
545,61,61_y256_x256.png,256,256,832,832,512,256,2.0,8x8,2.0,3.2
546,61,61_y256_x320.png,256,320,832,832,512,256,2.0,8x8,2.0,3.2
547,61,61_y320_x0.png,320,0,832,832,512,256,2.0,8x8,2.0,3.2
548,61,61_y320_x256.png,320,256,832,832,512,256,2.0,8x8,2.0,3.2
549,61,61_y320_x320.png,320,320,832,832,512,256,2.0,8x8,2.0,3.2
550,62,62_y0_x0.png,0,0,832,832,512,256,2.0,8x8,2.0,3.2
551,62,62_y0_x256.png,0,256,832,832,512,256,2.0,8x8,2.0,3.2
552,62,62_y0_x320.png,0,320,832,832,512,256,2.0,8x8,2.0,3.2
553,62,62_y256_x0.png,256,0,832,832,512,256,2.0,8x8,2.0,3.2
554,62,62_y256_x256.png,256,256,832,832,512,256,2.0,8x8,2.0,3.2
555,62,62_y256_x320.png,256,320,832,832,512,256,2.0,8x8,2.0,3.2
556,62,62_y320_x0.png,320,0,832,832,512,256,2.0,8x8,2.0,3.2
557,62,62_y320_x256.png,320,256,832,832,512,256,2.0,8x8,2.0,3.2
558,62,62_y320_x320.png,320,320,832,832,512,256,2.0,8x8,2.0,3.2
559,63,63_y0_x0.png,0,0,832,832,512,256,2.0,8x8,2.0,3.2
560,63,63_y0_x256.png,0,256,832,832,512,256,2.0,8x8,2.0,3.2
561,63,63_y0_x320.png,0,320,832,832,512,256,2.0,8x8,2.0,3.2
562,63,63_y256_x0.png,256,0,832,832,512,256,2.0,8x8,2.0,3.2
563,63,63_y256_x256.png,256,256,832,832,512,256,2.0,8x8,2.0,3.2
564,63,63_y256_x320.png,256,320,832,832,512,256,2.0,8x8,2.0,3.2
565,63,63_y320_x0.png,320,0,832,832,512,256,2.0,8x8,2.0,3.2
566,63,63_y320_x256.png,320,256,832,832,512,256,2.0,8x8,2.0,3.2
567,63,63_y320_x320.png,320,320,832,832,512,256,2.0,8x8,2.0,3.2
568,64,64_y0_x0.png,0,0,832,832,512,256,2.0,8x8,2.0,3.2
569,64,64_y0_x256.png,0,256,832,832,512,256,2.0,8x8,2.0,3.2
570,64,64_y0_x320.png,0,320,832,832,512,256,2.0,8x8,2.0,3.2
571,64,64_y256_x0.png,256,0,832,832,512,256,2.0,8x8,2.0,3.2
572,64,64_y256_x256.png,256,256,832,832,512,256,2.0,8x8,2.0,3.2
573,64,64_y256_x320.png,256,320,832,832,512,256,2.0,8x8,2.0,3.2
574,64,64_y320_x0.png,320,0,832,832,512,256,2.0,8x8,2.0,3.2
575,64,64_y320_x256.png,320,256,832,832,512,256,2.0,8x8,2.0,3.2
576,64,64_y320_x320.png,320,320,832,832,512,256,2.0,8x8,2.0,3.2
577,65,65_y0_x0.png,0,0,832,832,512,256,2.0,8x8,2.0,3.2
578,65,65_y0_x256.png,0,256,832,832,512,256,2.0,8x8,2.0,3.2
579,65,65_y0_x320.png,0,320,832,832,512,256,2.0,8x8,2.0,3.2
580,65,65_y256_x0.png,256,0,832,832,512,256,2.0,8x8,2.0,3.2
581,65,65_y256_x256.png,256,256,832,832,512,256,2.0,8x8,2.0,3.2
582,65,65_y256_x320.png,256,320,832,832,512,256,2.0,8x8,2.0,3.2
583,65,65_y320_x0.png,320,0,832,832,512,256,2.0,8x8,2.0,3.2
584,65,65_y320_x256.png,320,256,832,832,512,256,2.0,8x8,2.0,3.2
585,65,65_y320_x320.png,320,320,832,832,512,256,2.0,8x8,2.0,3.2
586,66,66_y0_x0.png,0,0,832,832,512,256,2.0,8x8,2.0,3.2
587,66,66_y0_x256.png,0,256,832,832,512,256,2.0,8x8,2.0,3.2
588,66,66_y0_x320.png,0,320,832,832,512,256,2.0,8x8,2.0,3.2
589,66,66_y256_x0.png,256,0,832,832,512,256,2.0,8x8,2.0,3.2
590,66,66_y256_x256.png,256,256,832,832,512,256,2.0,8x8,2.0,3.2
591,66,66_y256_x320.png,256,320,832,832,512,256,2.0,8x8,2.0,3.2
592,66,66_y320_x0.png,320,0,832,832,512,256,2.0,8x8,2.0,3.2
593,66,66_y320_x256.png,320,256,832,832,512,256,2.0,8x8,2.0,3.2
594,66,66_y320_x320.png,320,320,832,832,512,256,2.0,8x8,2.0,3.2
595,67,67_y0_x0.png,0,0,832,832,512,256,2.0,8x8,2.0,3.2
596,67,67_y0_x256.png,0,256,832,832,512,256,2.0,8x8,2.0,3.2
597,67,67_y0_x320.png,0,320,832,832,512,256,2.0,8x8,2.0,3.2
598,67,67_y256_x0.png,256,0,832,832,512,256,2.0,8x8,2.0,3.2
599,67,67_y256_x256.png,256,256,832,832,512,256,2.0,8x8,2.0,3.2
600,67,67_y256_x320.png,256,320,832,832,512,256,2.0,8x8,2.0,3.2
601,67,67_y320_x0.png,320,0,832,832,512,256,2.0,8x8,2.0,3.2
602,67,67_y320_x256.png,320,256,832,832,512,256,2.0,8x8,2.0,3.2
603,67,67_y320_x320.png,320,320,832,832,512,256,2.0,8x8,2.0,3.2
604,68,68_y0_x0.png,0,0,832,832,512,256,2.0,8x8,2.0,3.2
605,68,68_y0_x256.png,0,256,832,832,512,256,2.0,8x8,2.0,3.2
606,68,68_y0_x320.png,0,320,832,832,512,256,2.0,8x8,2.0,3.2
607,68,68_y256_x0.png,256,0,832,832,512,256,2.0,8x8,2.0,3.2
608,68,68_y256_x256.png,256,256,832,832,512,256,2.0,8x8,2.0,3.2
609,68,68_y256_x320.png,256,320,832,832,512,256,2.0,8x8,2.0,3.2
610,68,68_y320_x0.png,320,0,832,832,512,256,2.0,8x8,2.0,3.2
611,68,68_y320_x256.png,320,256,832,832,512,256,2.0,8x8,2.0,3.2
612,68,68_y320_x320.png,320,320,832,832,512,256,2.0,8x8,2.0,3.2
613,69,69_y0_x0.png,0,0,832,832,512,256,2.0,8x8,2.0,3.2
614,69,69_y0_x256.png,0,256,832,832,512,256,2.0,8x8,2.0,3.2
615,69,69_y0_x320.png,0,320,832,832,512,256,2.0,8x8,2.0,3.2
616,69,69_y256_x0.png,256,0,832,832,512,256,2.0,8x8,2.0,3.2
617,69,69_y256_x256.png,256,256,832,832,512,256,2.0,8x8,2.0,3.2
618,69,69_y256_x320.png,256,320,832,832,512,256,2.0,8x8,2.0,3.2
619,69,69_y320_x0.png,320,0,832,832,512,256,2.0,8x8,2.0,3.2
620,69,69_y320_x256.png,320,256,832,832,512,256,2.0,8x8,2.0,3.2
621,69,69_y320_x320.png,320,320,832,832,512,256,2.0,8x8,2.0,3.2
622,70,70_y0_x0.png,0,0,832,832,512,256,2.0,8x8,2.0,3.2
623,70,70_y0_x256.png,0,256,832,832,512,256,2.0,8x8,2.0,3.2
624,70,70_y0_x320.png,0,320,832,832,512,256,2.0,8x8,2.0,3.2
625,70,70_y256_x0.png,256,0,832,832,512,256,2.0,8x8,2.0,3.2
626,70,70_y256_x256.png,256,256,832,832,512,256,2.0,8x8,2.0,3.2
627,70,70_y256_x320.png,256,320,832,832,512,256,2.0,8x8,2.0,3.2
628,70,70_y320_x0.png,320,0,832,832,512,256,2.0,8x8,2.0,3.2
629,70,70_y320_x256.png,320,256,832,832,512,256,2.0,8x8,2.0,3.2
630,70,70_y320_x320.png,320,320,832,832,512,256,2.0,8x8,2.0,3.2
631,71,71_y0_x0.png,0,0,832,832,512,256,2.0,8x8,2.0,3.2
632,71,71_y0_x256.png,0,256,832,832,512,256,2.0,8x8,2.0,3.2
633,71,71_y0_x320.png,0,320,832,832,512,256,2.0,8x8,2.0,3.2
634,71,71_y256_x0.png,256,0,832,832,512,256,2.0,8x8,2.0,3.2
635,71,71_y256_x256.png,256,256,832,832,512,256,2.0,8x8,2.0,3.2
636,71,71_y256_x320.png,256,320,832,832,512,256,2.0,8x8,2.0,3.2
637,71,71_y320_x0.png,320,0,832,832,512,256,2.0,8x8,2.0,3.2
638,71,71_y320_x256.png,320,256,832,832,512,256,2.0,8x8,2.0,3.2
639,71,71_y320_x320.png,320,320,832,832,512,256,2.0,8x8,2.0,3.2
640,72,72_y0_x0.png,0,0,832,832,512,256,2.0,8x8,2.0,3.2
641,72,72_y0_x256.png,0,256,832,832,512,256,2.0,8x8,2.0,3.2
642,72,72_y0_x320.png,0,320,832,832,512,256,2.0,8x8,2.0,3.2
643,72,72_y256_x0.png,256,0,832,832,512,256,2.0,8x8,2.0,3.2
644,72,72_y256_x256.png,256,256,832,832,512,256,2.0,8x8,2.0,3.2
645,72,72_y256_x320.png,256,320,832,832,512,256,2.0,8x8,2.0,3.2
646,72,72_y320_x0.png,320,0,832,832,512,256,2.0,8x8,2.0,3.2
647,72,72_y320_x256.png,320,256,832,832,512,256,2.0,8x8,2.0,3.2
648,72,72_y320_x320.png,320,320,832,832,512,256,2.0,8x8,2.0,3.2
649,73,73_y0_x0.png,0,0,832,832,512,256,2.0,8x8,2.0,3.2
650,73,73_y0_x256.png,0,256,832,832,512,256,2.0,8x8,2.0,3.2
651,73,73_y0_x320.png,0,320,832,832,512,256,2.0,8x8,2.0,3.2
652,73,73_y256_x0.png,256,0,832,832,512,256,2.0,8x8,2.0,3.2
653,73,73_y256_x256.png,256,256,832,832,512,256,2.0,8x8,2.0,3.2
654,73,73_y256_x320.png,256,320,832,832,512,256,2.0,8x8,2.0,3.2
655,73,73_y320_x0.png,320,0,832,832,512,256,2.0,8x8,2.0,3.2
656,73,73_y320_x256.png,320,256,832,832,512,256,2.0,8x8,2.0,3.2
657,73,73_y320_x320.png,320,320,832,832,512,256,2.0,8x8,2.0,3.2
658,74,74_y0_x0.png,0,0,832,832,512,256,2.0,8x8,2.0,3.2
659,74,74_y0_x256.png,0,256,832,832,512,256,2.0,8x8,2.0,3.2
660,74,74_y0_x320.png,0,320,832,832,512,256,2.0,8x8,2.0,3.2
661,74,74_y256_x0.png,256,0,832,832,512,256,2.0,8x8,2.0,3.2
662,74,74_y256_x256.png,256,256,832,832,512,256,2.0,8x8,2.0,3.2
663,74,74_y256_x320.png,256,320,832,832,512,256,2.0,8x8,2.0,3.2
664,74,74_y320_x0.png,320,0,832,832,512,256,2.0,8x8,2.0,3.2
665,74,74_y320_x256.png,320,256,832,832,512,256,2.0,8x8,2.0,3.2
666,74,74_y320_x320.png,320,320,832,832,512,256,2.0,8x8,2.0,3.2
667,75,75_y0_x0.png,0,0,832,832,512,256,2.0,8x8,2.0,3.2
668,75,75_y0_x256.png,0,256,832,832,512,256,2.0,8x8,2.0,3.2
669,75,75_y0_x320.png,0,320,832,832,512,256,2.0,8x8,2.0,3.2
670,75,75_y256_x0.png,256,0,832,832,512,256,2.0,8x8,2.0,3.2
671,75,75_y256_x256.png,256,256,832,832,512,256,2.0,8x8,2.0,3.2
672,75,75_y256_x320.png,256,320,832,832,512,256,2.0,8x8,2.0,3.2
673,75,75_y320_x0.png,320,0,832,832,512,256,2.0,8x8,2.0,3.2
674,75,75_y320_x256.png,320,256,832,832,512,256,2.0,8x8,2.0,3.2
675,75,75_y320_x320.png,320,320,832,832,512,256,2.0,8x8,2.0,3.2
676,76,76_y0_x0.png,0,0,832,832,512,256,2.0,8x8,2.0,3.2
677,76,76_y0_x256.png,0,256,832,832,512,256,2.0,8x8,2.0,3.2
678,76,76_y0_x320.png,0,320,832,832,512,256,2.0,8x8,2.0,3.2
679,76,76_y256_x0.png,256,0,832,832,512,256,2.0,8x8,2.0,3.2
680,76,76_y256_x256.png,256,256,832,832,512,256,2.0,8x8,2.0,3.2
681,76,76_y256_x320.png,256,320,832,832,512,256,2.0,8x8,2.0,3.2
682,76,76_y320_x0.png,320,0,832,832,512,256,2.0,8x8,2.0,3.2
683,76,76_y320_x256.png,320,256,832,832,512,256,2.0,8x8,2.0,3.2
684,76,76_y320_x320.png,320,320,832,832,512,256,2.0,8x8,2.0,3.2
685,77,77_y0_x0.png,0,0,832,832,512,256,2.0,8x8,2.0,3.2
686,77,77_y0_x256.png,0,256,832,832,512,256,2.0,8x8,2.0,3.2
687,77,77_y0_x320.png,0,320,832,832,512,256,2.0,8x8,2.0,3.2
688,77,77_y256_x0.png,256,0,832,832,512,256,2.0,8x8,2.0,3.2
689,77,77_y256_x256.png,256,256,832,832,512,256,2.0,8x8,2.0,3.2
690,77,77_y256_x320.png,256,320,832,832,512,256,2.0,8x8,2.0,3.2
691,77,77_y320_x0.png,320,0,832,832,512,256,2.0,8x8,2.0,3.2
692,77,77_y320_x256.png,320,256,832,832,512,256,2.0,8x8,2.0,3.2
693,77,77_y320_x320.png,320,320,832,832,512,256,2.0,8x8,2.0,3.2
694,78,78_y0_x0.png,0,0,832,832,512,256,2.0,8x8,2.0,3.2
695,78,78_y0_x256.png,0,256,832,832,512,256,2.0,8x8,2.0,3.2
696,78,78_y0_x320.png,0,320,832,832,512,256,2.0,8x8,2.0,3.2
697,78,78_y256_x0.png,256,0,832,832,512,256,2.0,8x8,2.0,3.2
698,78,78_y256_x256.png,256,256,832,832,512,256,2.0,8x8,2.0,3.2
699,78,78_y256_x320.png,256,320,832,832,512,256,2.0,8x8,2.0,3.2
700,78,78_y320_x0.png,320,0,832,832,512,256,2.0,8x8,2.0,3.2
701,78,78_y320_x256.png,320,256,832,832,512,256,2.0,8x8,2.0,3.2
702,78,78_y320_x320.png,320,320,832,832,512,256,2.0,8x8,2.0,3.2
703,79,79_y0_x0.png,0,0,832,832,512,256,2.0,8x8,2.0,3.2
704,79,79_y0_x256.png,0,256,832,832,512,256,2.0,8x8,2.0,3.2
705,79,79_y0_x320.png,0,320,832,832,512,256,2.0,8x8,2.0,3.2
706,79,79_y256_x0.png,256,0,832,832,512,256,2.0,8x8,2.0,3.2
707,79,79_y256_x256.png,256,256,832,832,512,256,2.0,8x8,2.0,3.2
708,79,79_y256_x320.png,256,320,832,832,512,256,2.0,8x8,2.0,3.2
709,79,79_y320_x0.png,320,0,832,832,512,256,2.0,8x8,2.0,3.2
710,79,79_y320_x256.png,320,256,832,832,512,256,2.0,8x8,2.0,3.2
711,79,79_y320_x320.png,320,320,832,832,512,256,2.0,8x8,2.0,3.2
712,80,80_y0_x0.png,0,0,832,832,512,256,2.0,8x8,2.0,3.2
713,80,80_y0_x256.png,0,256,832,832,512,256,2.0,8x8,2.0,3.2
714,80,80_y0_x320.png,0,320,832,832,512,256,2.0,8x8,2.0,3.2
715,80,80_y256_x0.png,256,0,832,832,512,256,2.0,8x8,2.0,3.2
716,80,80_y256_x256.png,256,256,832,832,512,256,2.0,8x8,2.0,3.2
717,80,80_y256_x320.png,256,320,832,832,512,256,2.0,8x8,2.0,3.2
718,80,80_y320_x0.png,320,0,832,832,512,256,2.0,8x8,2.0,3.2
719,80,80_y320_x256.png,320,256,832,832,512,256,2.0,8x8,2.0,3.2
720,80,80_y320_x320.png,320,320,832,832,512,256,2.0,8x8,2.0,3.2
721,81,81_y0_x0.png,0,0,832,832,512,256,2.0,8x8,2.0,3.2
722,81,81_y0_x256.png,0,256,832,832,512,256,2.0,8x8,2.0,3.2
723,81,81_y0_x320.png,0,320,832,832,512,256,2.0,8x8,2.0,3.2
724,81,81_y256_x0.png,256,0,832,832,512,256,2.0,8x8,2.0,3.2
725,81,81_y256_x256.png,256,256,832,832,512,256,2.0,8x8,2.0,3.2
726,81,81_y256_x320.png,256,320,832,832,512,256,2.0,8x8,2.0,3.2
727,81,81_y320_x0.png,320,0,832,832,512,256,2.0,8x8,2.0,3.2
728,81,81_y320_x256.png,320,256,832,832,512,256,2.0,8x8,2.0,3.2
729,81,81_y320_x320.png,320,320,832,832,512,256,2.0,8x8,2.0,3.2
730,82,82_y0_x0.png,0,0,832,832,512,256,2.0,8x8,2.0,3.2
731,82,82_y0_x256.png,0,256,832,832,512,256,2.0,8x8,2.0,3.2
732,82,82_y0_x320.png,0,320,832,832,512,256,2.0,8x8,2.0,3.2
733,82,82_y256_x0.png,256,0,832,832,512,256,2.0,8x8,2.0,3.2
734,82,82_y256_x256.png,256,256,832,832,512,256,2.0,8x8,2.0,3.2
735,82,82_y256_x320.png,256,320,832,832,512,256,2.0,8x8,2.0,3.2
736,82,82_y320_x0.png,320,0,832,832,512,256,2.0,8x8,2.0,3.2
737,82,82_y320_x256.png,320,256,832,832,512,256,2.0,8x8,2.0,3.2
738,82,82_y320_x320.png,320,320,832,832,512,256,2.0,8x8,2.0,3.2
739,83,83_y0_x0.png,0,0,832,832,512,256,2.0,8x8,2.0,3.2
740,83,83_y0_x256.png,0,256,832,832,512,256,2.0,8x8,2.0,3.2
741,83,83_y0_x320.png,0,320,832,832,512,256,2.0,8x8,2.0,3.2
742,83,83_y256_x0.png,256,0,832,832,512,256,2.0,8x8,2.0,3.2
743,83,83_y256_x256.png,256,256,832,832,512,256,2.0,8x8,2.0,3.2
744,83,83_y256_x320.png,256,320,832,832,512,256,2.0,8x8,2.0,3.2
745,83,83_y320_x0.png,320,0,832,832,512,256,2.0,8x8,2.0,3.2
746,83,83_y320_x256.png,320,256,832,832,512,256,2.0,8x8,2.0,3.2
747,83,83_y320_x320.png,320,320,832,832,512,256,2.0,8x8,2.0,3.2
748,84,84_y0_x0.png,0,0,832,832,512,256,2.0,8x8,2.0,3.2
749,84,84_y0_x256.png,0,256,832,832,512,256,2.0,8x8,2.0,3.2
750,84,84_y0_x320.png,0,320,832,832,512,256,2.0,8x8,2.0,3.2
751,84,84_y256_x0.png,256,0,832,832,512,256,2.0,8x8,2.0,3.2
752,84,84_y256_x256.png,256,256,832,832,512,256,2.0,8x8,2.0,3.2
753,84,84_y256_x320.png,256,320,832,832,512,256,2.0,8x8,2.0,3.2
754,84,84_y320_x0.png,320,0,832,832,512,256,2.0,8x8,2.0,3.2
755,84,84_y320_x256.png,320,256,832,832,512,256,2.0,8x8,2.0,3.2
756,84,84_y320_x320.png,320,320,832,832,512,256,2.0,8x8,2.0,3.2
757,85,85_y0_x0.png,0,0,832,832,512,256,2.0,8x8,2.0,3.2
758,85,85_y0_x256.png,0,256,832,832,512,256,2.0,8x8,2.0,3.2
759,85,85_y0_x320.png,0,320,832,832,512,256,2.0,8x8,2.0,3.2
760,85,85_y256_x0.png,256,0,832,832,512,256,2.0,8x8,2.0,3.2
761,85,85_y256_x256.png,256,256,832,832,512,256,2.0,8x8,2.0,3.2
762,85,85_y256_x320.png,256,320,832,832,512,256,2.0,8x8,2.0,3.2
763,85,85_y320_x0.png,320,0,832,832,512,256,2.0,8x8,2.0,3.2
764,85,85_y320_x256.png,320,256,832,832,512,256,2.0,8x8,2.0,3.2
765,85,85_y320_x320.png,320,320,832,832,512,256,2.0,8x8,2.0,3.2
766,86,86_y0_x0.png,0,0,832,832,512,256,2.0,8x8,2.0,3.2
767,86,86_y0_x256.png,0,256,832,832,512,256,2.0,8x8,2.0,3.2
768,86,86_y0_x320.png,0,320,832,832,512,256,2.0,8x8,2.0,3.2
769,86,86_y256_x0.png,256,0,832,832,512,256,2.0,8x8,2.0,3.2
770,86,86_y256_x256.png,256,256,832,832,512,256,2.0,8x8,2.0,3.2
771,86,86_y256_x320.png,256,320,832,832,512,256,2.0,8x8,2.0,3.2
772,86,86_y320_x0.png,320,0,832,832,512,256,2.0,8x8,2.0,3.2
773,86,86_y320_x256.png,320,256,832,832,512,256,2.0,8x8,2.0,3.2
774,86,86_y320_x320.png,320,320,832,832,512,256,2.0,8x8,2.0,3.2
775,87,87_y0_x0.png,0,0,832,832,512,256,2.0,8x8,2.0,3.2
776,87,87_y0_x256.png,0,256,832,832,512,256,2.0,8x8,2.0,3.2
777,87,87_y0_x320.png,0,320,832,832,512,256,2.0,8x8,2.0,3.2
778,87,87_y256_x0.png,256,0,832,832,512,256,2.0,8x8,2.0,3.2
779,87,87_y256_x256.png,256,256,832,832,512,256,2.0,8x8,2.0,3.2
780,87,87_y256_x320.png,256,320,832,832,512,256,2.0,8x8,2.0,3.2
781,87,87_y320_x0.png,320,0,832,832,512,256,2.0,8x8,2.0,3.2
782,87,87_y320_x256.png,320,256,832,832,512,256,2.0,8x8,2.0,3.2
783,87,87_y320_x320.png,320,320,832,832,512,256,2.0,8x8,2.0,3.2
784,88,88_y0_x0.png,0,0,832,832,512,256,2.0,8x8,2.0,3.2
785,88,88_y0_x256.png,0,256,832,832,512,256,2.0,8x8,2.0,3.2
786,88,88_y0_x320.png,0,320,832,832,512,256,2.0,8x8,2.0,3.2
787,88,88_y256_x0.png,256,0,832,832,512,256,2.0,8x8,2.0,3.2
788,88,88_y256_x256.png,256,256,832,832,512,256,2.0,8x8,2.0,3.2
789,88,88_y256_x320.png,256,320,832,832,512,256,2.0,8x8,2.0,3.2
790,88,88_y320_x0.png,320,0,832,832,512,256,2.0,8x8,2.0,3.2
791,88,88_y320_x256.png,320,256,832,832,512,256,2.0,8x8,2.0,3.2
792,88,88_y320_x320.png,320,320,832,832,512,256,2.0,8x8,2.0,3.2
793,89,89_y0_x0.png,0,0,832,832,512,256,2.0,8x8,2.0,3.2
794,89,89_y0_x256.png,0,256,832,832,512,256,2.0,8x8,2.0,3.2
795,89,89_y0_x320.png,0,320,832,832,512,256,2.0,8x8,2.0,3.2
796,89,89_y256_x0.png,256,0,832,832,512,256,2.0,8x8,2.0,3.2
797,89,89_y256_x256.png,256,256,832,832,512,256,2.0,8x8,2.0,3.2
798,89,89_y256_x320.png,256,320,832,832,512,256,2.0,8x8,2.0,3.2
799,89,89_y320_x0.png,320,0,832,832,512,256,2.0,8x8,2.0,3.2
800,89,89_y320_x256.png,320,256,832,832,512,256,2.0,8x8,2.0,3.2
801,89,89_y320_x320.png,320,320,832,832,512,256,2.0,8x8,2.0,3.2
802,90,90_y0_x0.png,0,0,832,832,512,256,2.0,8x8,2.0,3.2
803,90,90_y0_x256.png,0,256,832,832,512,256,2.0,8x8,2.0,3.2
804,90,90_y0_x320.png,0,320,832,832,512,256,2.0,8x8,2.0,3.2
805,90,90_y256_x0.png,256,0,832,832,512,256,2.0,8x8,2.0,3.2
806,90,90_y256_x256.png,256,256,832,832,512,256,2.0,8x8,2.0,3.2
807,90,90_y256_x320.png,256,320,832,832,512,256,2.0,8x8,2.0,3.2
808,90,90_y320_x0.png,320,0,832,832,512,256,2.0,8x8,2.0,3.2
809,90,90_y320_x256.png,320,256,832,832,512,256,2.0,8x8,2.0,3.2
810,90,90_y320_x320.png,320,320,832,832,512,256,2.0,8x8,2.0,3.2
811,91,91_y0_x0.png,0,0,832,832,512,256,2.0,8x8,2.0,3.2
812,91,91_y0_x256.png,0,256,832,832,512,256,2.0,8x8,2.0,3.2
813,91,91_y0_x320.png,0,320,832,832,512,256,2.0,8x8,2.0,3.2
814,91,91_y256_x0.png,256,0,832,832,512,256,2.0,8x8,2.0,3.2
815,91,91_y256_x256.png,256,256,832,832,512,256,2.0,8x8,2.0,3.2
816,91,91_y256_x320.png,256,320,832,832,512,256,2.0,8x8,2.0,3.2
817,91,91_y320_x0.png,320,0,832,832,512,256,2.0,8x8,2.0,3.2
818,91,91_y320_x256.png,320,256,832,832,512,256,2.0,8x8,2.0,3.2
819,91,91_y320_x320.png,320,320,832,832,512,256,2.0,8x8,2.0,3.2
820,92,92_y0_x0.png,0,0,832,832,512,256,2.0,8x8,2.0,3.2
821,92,92_y0_x256.png,0,256,832,832,512,256,2.0,8x8,2.0,3.2
822,92,92_y0_x320.png,0,320,832,832,512,256,2.0,8x8,2.0,3.2
823,92,92_y256_x0.png,256,0,832,832,512,256,2.0,8x8,2.0,3.2
824,92,92_y256_x256.png,256,256,832,832,512,256,2.0,8x8,2.0,3.2
825,92,92_y256_x320.png,256,320,832,832,512,256,2.0,8x8,2.0,3.2
826,92,92_y320_x0.png,320,0,832,832,512,256,2.0,8x8,2.0,3.2
827,92,92_y320_x256.png,320,256,832,832,512,256,2.0,8x8,2.0,3.2
828,92,92_y320_x320.png,320,320,832,832,512,256,2.0,8x8,2.0,3.2
829,93,93_y0_x0.png,0,0,832,832,512,256,2.0,8x8,2.0,3.2
830,93,93_y0_x256.png,0,256,832,832,512,256,2.0,8x8,2.0,3.2
831,93,93_y0_x320.png,0,320,832,832,512,256,2.0,8x8,2.0,3.2
832,93,93_y256_x0.png,256,0,832,832,512,256,2.0,8x8,2.0,3.2
833,93,93_y256_x256.png,256,256,832,832,512,256,2.0,8x8,2.0,3.2
834,93,93_y256_x320.png,256,320,832,832,512,256,2.0,8x8,2.0,3.2
835,93,93_y320_x0.png,320,0,832,832,512,256,2.0,8x8,2.0,3.2
836,93,93_y320_x256.png,320,256,832,832,512,256,2.0,8x8,2.0,3.2
837,93,93_y320_x320.png,320,320,832,832,512,256,2.0,8x8,2.0,3.2
838,94,94_y0_x0.png,0,0,832,832,512,256,2.0,8x8,2.0,3.2
839,94,94_y0_x256.png,0,256,832,832,512,256,2.0,8x8,2.0,3.2
840,94,94_y0_x320.png,0,320,832,832,512,256,2.0,8x8,2.0,3.2
841,94,94_y256_x0.png,256,0,832,832,512,256,2.0,8x8,2.0,3.2
842,94,94_y256_x256.png,256,256,832,832,512,256,2.0,8x8,2.0,3.2
843,94,94_y256_x320.png,256,320,832,832,512,256,2.0,8x8,2.0,3.2
844,94,94_y320_x0.png,320,0,832,832,512,256,2.0,8x8,2.0,3.2
845,94,94_y320_x256.png,320,256,832,832,512,256,2.0,8x8,2.0,3.2
846,94,94_y320_x320.png,320,320,832,832,512,256,2.0,8x8,2.0,3.2
847,95,95_y0_x0.png,0,0,832,832,512,256,2.0,8x8,2.0,3.2
848,95,95_y0_x256.png,0,256,832,832,512,256,2.0,8x8,2.0,3.2
849,95,95_y0_x320.png,0,320,832,832,512,256,2.0,8x8,2.0,3.2
850,95,95_y256_x0.png,256,0,832,832,512,256,2.0,8x8,2.0,3.2
851,95,95_y256_x256.png,256,256,832,832,512,256,2.0,8x8,2.0,3.2
852,95,95_y256_x320.png,256,320,832,832,512,256,2.0,8x8,2.0,3.2
853,95,95_y320_x0.png,320,0,832,832,512,256,2.0,8x8,2.0,3.2
854,95,95_y320_x256.png,320,256,832,832,512,256,2.0,8x8,2.0,3.2
855,95,95_y320_x320.png,320,320,832,832,512,256,2.0,8x8,2.0,3.2
856,96,96_y0_x0.png,0,0,832,832,512,256,2.0,8x8,2.0,3.2
857,96,96_y0_x256.png,0,256,832,832,512,256,2.0,8x8,2.0,3.2
858,96,96_y0_x320.png,0,320,832,832,512,256,2.0,8x8,2.0,3.2
859,96,96_y256_x0.png,256,0,832,832,512,256,2.0,8x8,2.0,3.2
860,96,96_y256_x256.png,256,256,832,832,512,256,2.0,8x8,2.0,3.2
861,96,96_y256_x320.png,256,320,832,832,512,256,2.0,8x8,2.0,3.2
862,96,96_y320_x0.png,320,0,832,832,512,256,2.0,8x8,2.0,3.2
863,96,96_y320_x256.png,320,256,832,832,512,256,2.0,8x8,2.0,3.2
864,96,96_y320_x320.png,320,320,832,832,512,256,2.0,8x8,2.0,3.2
865,97,97_y0_x0.png,0,0,832,832,512,256,2.0,8x8,2.0,3.2
866,97,97_y0_x256.png,0,256,832,832,512,256,2.0,8x8,2.0,3.2
867,97,97_y0_x320.png,0,320,832,832,512,256,2.0,8x8,2.0,3.2
868,97,97_y256_x0.png,256,0,832,832,512,256,2.0,8x8,2.0,3.2
869,97,97_y256_x256.png,256,256,832,832,512,256,2.0,8x8,2.0,3.2
870,97,97_y256_x320.png,256,320,832,832,512,256,2.0,8x8,2.0,3.2
871,97,97_y320_x0.png,320,0,832,832,512,256,2.0,8x8,2.0,3.2
872,97,97_y320_x256.png,320,256,832,832,512,256,2.0,8x8,2.0,3.2
873,97,97_y320_x320.png,320,320,832,832,512,256,2.0,8x8,2.0,3.2
874,98,98_y0_x0.png,0,0,832,832,512,256,2.0,8x8,2.0,3.2
875,98,98_y0_x256.png,0,256,832,832,512,256,2.0,8x8,2.0,3.2
876,98,98_y0_x320.png,0,320,832,832,512,256,2.0,8x8,2.0,3.2
877,98,98_y256_x0.png,256,0,832,832,512,256,2.0,8x8,2.0,3.2
878,98,98_y256_x256.png,256,256,832,832,512,256,2.0,8x8,2.0,3.2
879,98,98_y256_x320.png,256,320,832,832,512,256,2.0,8x8,2.0,3.2
880,98,98_y320_x0.png,320,0,832,832,512,256,2.0,8x8,2.0,3.2
881,98,98_y320_x256.png,320,256,832,832,512,256,2.0,8x8,2.0,3.2
882,98,98_y320_x320.png,320,320,832,832,512,256,2.0,8x8,2.0,3.2
883,99,99_y0_x0.png,0,0,832,832,512,256,2.0,8x8,2.0,3.2
884,99,99_y0_x256.png,0,256,832,832,512,256,2.0,8x8,2.0,3.2
885,99,99_y0_x320.png,0,320,832,832,512,256,2.0,8x8,2.0,3.2
886,99,99_y256_x0.png,256,0,832,832,512,256,2.0,8x8,2.0,3.2
887,99,99_y256_x256.png,256,256,832,832,512,256,2.0,8x8,2.0,3.2
888,99,99_y256_x320.png,256,320,832,832,512,256,2.0,8x8,2.0,3.2
889,99,99_y320_x0.png,320,0,832,832,512,256,2.0,8x8,2.0,3.2
890,99,99_y320_x256.png,320,256,832,832,512,256,2.0,8x8,2.0,3.2
891,99,99_y320_x320.png,320,320,832,832,512,256,2.0,8x8,2.0,3.2
892,100,100_y0_x0.png,0,0,832,832,512,256,2.0,8x8,2.0,3.2
893,100,100_y0_x256.png,0,256,832,832,512,256,2.0,8x8,2.0,3.2
894,100,100_y0_x320.png,0,320,832,832,512,256,2.0,8x8,2.0,3.2
895,100,100_y256_x0.png,256,0,832,832,512,256,2.0,8x8,2.0,3.2
896,100,100_y256_x256.png,256,256,832,832,512,256,2.0,8x8,2.0,3.2
897,100,100_y256_x320.png,256,320,832,832,512,256,2.0,8x8,2.0,3.2
898,100,100_y320_x0.png,320,0,832,832,512,256,2.0,8x8,2.0,3.2
899,100,100_y320_x256.png,320,256,832,832,512,256,2.0,8x8,2.0,3.2
900,100,100_y320_x320.png,320,320,832,832,512,256,2.0,8x8,2.0,3.2
901,101,101_y0_x0.png,0,0,832,832,512,256,2.0,8x8,2.0,3.2
902,101,101_y0_x256.png,0,256,832,832,512,256,2.0,8x8,2.0,3.2
903,101,101_y0_x320.png,0,320,832,832,512,256,2.0,8x8,2.0,3.2
904,101,101_y256_x0.png,256,0,832,832,512,256,2.0,8x8,2.0,3.2
905,101,101_y256_x256.png,256,256,832,832,512,256,2.0,8x8,2.0,3.2
906,101,101_y256_x320.png,256,320,832,832,512,256,2.0,8x8,2.0,3.2
907,101,101_y320_x0.png,320,0,832,832,512,256,2.0,8x8,2.0,3.2
908,101,101_y320_x256.png,320,256,832,832,512,256,2.0,8x8,2.0,3.2
909,101,101_y320_x320.png,320,320,832,832,512,256,2.0,8x8,2.0,3.2
910,102,102_y0_x0.png,0,0,832,832,512,256,2.0,8x8,2.0,3.2
911,102,102_y0_x256.png,0,256,832,832,512,256,2.0,8x8,2.0,3.2
912,102,102_y0_x320.png,0,320,832,832,512,256,2.0,8x8,2.0,3.2
913,102,102_y256_x0.png,256,0,832,832,512,256,2.0,8x8,2.0,3.2
914,102,102_y256_x256.png,256,256,832,832,512,256,2.0,8x8,2.0,3.2
915,102,102_y256_x320.png,256,320,832,832,512,256,2.0,8x8,2.0,3.2
916,102,102_y320_x0.png,320,0,832,832,512,256,2.0,8x8,2.0,3.2
917,102,102_y320_x256.png,320,256,832,832,512,256,2.0,8x8,2.0,3.2
918,102,102_y320_x320.png,320,320,832,832,512,256,2.0,8x8,2.0,3.2
919,103,103_y0_x0.png,0,0,832,832,512,256,2.0,8x8,2.0,3.2
920,103,103_y0_x256.png,0,256,832,832,512,256,2.0,8x8,2.0,3.2
921,103,103_y0_x320.png,0,320,832,832,512,256,2.0,8x8,2.0,3.2
922,103,103_y256_x0.png,256,0,832,832,512,256,2.0,8x8,2.0,3.2
923,103,103_y256_x256.png,256,256,832,832,512,256,2.0,8x8,2.0,3.2
924,103,103_y256_x320.png,256,320,832,832,512,256,2.0,8x8,2.0,3.2
925,103,103_y320_x0.png,320,0,832,832,512,256,2.0,8x8,2.0,3.2
926,103,103_y320_x256.png,320,256,832,832,512,256,2.0,8x8,2.0,3.2
927,103,103_y320_x320.png,320,320,832,832,512,256,2.0,8x8,2.0,3.2
928,104,104_y0_x0.png,0,0,832,832,512,256,2.0,8x8,2.0,3.2
929,104,104_y0_x256.png,0,256,832,832,512,256,2.0,8x8,2.0,3.2
930,104,104_y0_x320.png,0,320,832,832,512,256,2.0,8x8,2.0,3.2
931,104,104_y256_x0.png,256,0,832,832,512,256,2.0,8x8,2.0,3.2
932,104,104_y256_x256.png,256,256,832,832,512,256,2.0,8x8,2.0,3.2
933,104,104_y256_x320.png,256,320,832,832,512,256,2.0,8x8,2.0,3.2
934,104,104_y320_x0.png,320,0,832,832,512,256,2.0,8x8,2.0,3.2
935,104,104_y320_x256.png,320,256,832,832,512,256,2.0,8x8,2.0,3.2
936,104,104_y320_x320.png,320,320,832,832,512,256,2.0,8x8,2.0,3.2
937,105,105_y0_x0.png,0,0,832,832,512,256,2.0,8x8,2.0,3.2
938,105,105_y0_x256.png,0,256,832,832,512,256,2.0,8x8,2.0,3.2
939,105,105_y0_x320.png,0,320,832,832,512,256,2.0,8x8,2.0,3.2
940,105,105_y256_x0.png,256,0,832,832,512,256,2.0,8x8,2.0,3.2
941,105,105_y256_x256.png,256,256,832,832,512,256,2.0,8x8,2.0,3.2
942,105,105_y256_x320.png,256,320,832,832,512,256,2.0,8x8,2.0,3.2
943,105,105_y320_x0.png,320,0,832,832,512,256,2.0,8x8,2.0,3.2
944,105,105_y320_x256.png,320,256,832,832,512,256,2.0,8x8,2.0,3.2
945,105,105_y320_x320.png,320,320,832,832,512,256,2.0,8x8,2.0,3.2
946,106,106_y0_x0.png,0,0,832,832,512,256,2.0,8x8,2.0,3.2
947,106,106_y0_x256.png,0,256,832,832,512,256,2.0,8x8,2.0,3.2
948,106,106_y0_x320.png,0,320,832,832,512,256,2.0,8x8,2.0,3.2
949,106,106_y256_x0.png,256,0,832,832,512,256,2.0,8x8,2.0,3.2
950,106,106_y256_x256.png,256,256,832,832,512,256,2.0,8x8,2.0,3.2
951,106,106_y256_x320.png,256,320,832,832,512,256,2.0,8x8,2.0,3.2
952,106,106_y320_x0.png,320,0,832,832,512,256,2.0,8x8,2.0,3.2
953,106,106_y320_x256.png,320,256,832,832,512,256,2.0,8x8,2.0,3.2
954,106,106_y320_x320.png,320,320,832,832,512,256,2.0,8x8,2.0,3.2
955,107,107_y0_x0.png,0,0,832,832,512,256,2.0,8x8,2.0,3.2
956,107,107_y0_x256.png,0,256,832,832,512,256,2.0,8x8,2.0,3.2
957,107,107_y0_x320.png,0,320,832,832,512,256,2.0,8x8,2.0,3.2
958,107,107_y256_x0.png,256,0,832,832,512,256,2.0,8x8,2.0,3.2
959,107,107_y256_x256.png,256,256,832,832,512,256,2.0,8x8,2.0,3.2
960,107,107_y256_x320.png,256,320,832,832,512,256,2.0,8x8,2.0,3.2
961,107,107_y320_x0.png,320,0,832,832,512,256,2.0,8x8,2.0,3.2
962,107,107_y320_x256.png,320,256,832,832,512,256,2.0,8x8,2.0,3.2
963,107,107_y320_x320.png,320,320,832,832,512,256,2.0,8x8,2.0,3.2
964,108,108_y0_x0.png,0,0,832,832,512,256,2.0,8x8,2.0,3.2
965,108,108_y0_x256.png,0,256,832,832,512,256,2.0,8x8,2.0,3.2
966,108,108_y0_x320.png,0,320,832,832,512,256,2.0,8x8,2.0,3.2
967,108,108_y256_x0.png,256,0,832,832,512,256,2.0,8x8,2.0,3.2
968,108,108_y256_x256.png,256,256,832,832,512,256,2.0,8x8,2.0,3.2
969,108,108_y256_x320.png,256,320,832,832,512,256,2.0,8x8,2.0,3.2
970,108,108_y320_x0.png,320,0,832,832,512,256,2.0,8x8,2.0,3.2
971,108,108_y320_x256.png,320,256,832,832,512,256,2.0,8x8,2.0,3.2
972,108,108_y320_x320.png,320,320,832,832,512,256,2.0,8x8,2.0,3.2
973,109,109_y0_x0.png,0,0,832,832,512,256,2.0,8x8,2.0,3.2
974,109,109_y0_x256.png,0,256,832,832,512,256,2.0,8x8,2.0,3.2
975,109,109_y0_x320.png,0,320,832,832,512,256,2.0,8x8,2.0,3.2
976,109,109_y256_x0.png,256,0,832,832,512,256,2.0,8x8,2.0,3.2
977,109,109_y256_x256.png,256,256,832,832,512,256,2.0,8x8,2.0,3.2
978,109,109_y256_x320.png,256,320,832,832,512,256,2.0,8x8,2.0,3.2
979,109,109_y320_x0.png,320,0,832,832,512,256,2.0,8x8,2.0,3.2
980,109,109_y320_x256.png,320,256,832,832,512,256,2.0,8x8,2.0,3.2
981,109,109_y320_x320.png,320,320,832,832,512,256,2.0,8x8,2.0,3.2
982,110,110_y0_x0.png,0,0,832,832,512,256,2.0,8x8,2.0,3.2
983,110,110_y0_x256.png,0,256,832,832,512,256,2.0,8x8,2.0,3.2
984,110,110_y0_x320.png,0,320,832,832,512,256,2.0,8x8,2.0,3.2
985,110,110_y256_x0.png,256,0,832,832,512,256,2.0,8x8,2.0,3.2
986,110,110_y256_x256.png,256,256,832,832,512,256,2.0,8x8,2.0,3.2
987,110,110_y256_x320.png,256,320,832,832,512,256,2.0,8x8,2.0,3.2
988,110,110_y320_x0.png,320,0,832,832,512,256,2.0,8x8,2.0,3.2
989,110,110_y320_x256.png,320,256,832,832,512,256,2.0,8x8,2.0,3.2
990,110,110_y320_x320.png,320,320,832,832,512,256,2.0,8x8,2.0,3.2
991,111,111_y0_x0.png,0,0,832,832,512,256,2.0,8x8,2.0,3.2
992,111,111_y0_x256.png,0,256,832,832,512,256,2.0,8x8,2.0,3.2
993,111,111_y0_x320.png,0,320,832,832,512,256,2.0,8x8,2.0,3.2
994,111,111_y256_x0.png,256,0,832,832,512,256,2.0,8x8,2.0,3.2
995,111,111_y256_x256.png,256,256,832,832,512,256,2.0,8x8,2.0,3.2
996,111,111_y256_x320.png,256,320,832,832,512,256,2.0,8x8,2.0,3.2
997,111,111_y320_x0.png,320,0,832,832,512,256,2.0,8x8,2.0,3.2
998,111,111_y320_x256.png,320,256,832,832,512,256,2.0,8x8,2.0,3.2
999,111,111_y320_x320.png,320,320,832,832,512,256,2.0,8x8,2.0,3.2
1000,112,112_y0_x0.png,0,0,832,832,512,256,2.0,8x8,2.0,3.2
1001,112,112_y0_x256.png,0,256,832,832,512,256,2.0,8x8,2.0,3.2
1002,112,112_y0_x320.png,0,320,832,832,512,256,2.0,8x8,2.0,3.2
1003,112,112_y256_x0.png,256,0,832,832,512,256,2.0,8x8,2.0,3.2
1004,112,112_y256_x256.png,256,256,832,832,512,256,2.0,8x8,2.0,3.2
1005,112,112_y256_x320.png,256,320,832,832,512,256,2.0,8x8,2.0,3.2
1006,112,112_y320_x0.png,320,0,832,832,512,256,2.0,8x8,2.0,3.2
1007,112,112_y320_x256.png,320,256,832,832,512,256,2.0,8x8,2.0,3.2
1008,112,112_y320_x320.png,320,320,832,832,512,256,2.0,8x8,2.0,3.2
1009,113,113_y0_x0.png,0,0,832,832,512,256,2.0,8x8,2.0,3.2
1010,113,113_y0_x256.png,0,256,832,832,512,256,2.0,8x8,2.0,3.2
1011,113,113_y0_x320.png,0,320,832,832,512,256,2.0,8x8,2.0,3.2
1012,113,113_y256_x0.png,256,0,832,832,512,256,2.0,8x8,2.0,3.2
1013,113,113_y256_x256.png,256,256,832,832,512,256,2.0,8x8,2.0,3.2
1014,113,113_y256_x320.png,256,320,832,832,512,256,2.0,8x8,2.0,3.2
1015,113,113_y320_x0.png,320,0,832,832,512,256,2.0,8x8,2.0,3.2
1016,113,113_y320_x256.png,320,256,832,832,512,256,2.0,8x8,2.0,3.2
1017,113,113_y320_x320.png,320,320,832,832,512,256,2.0,8x8,2.0,3.2
1018,114,114_y0_x0.png,0,0,832,832,512,256,2.0,8x8,2.0,3.2
1019,114,114_y0_x256.png,0,256,832,832,512,256,2.0,8x8,2.0,3.2
1020,114,114_y0_x320.png,0,320,832,832,512,256,2.0,8x8,2.0,3.2
1021,114,114_y256_x0.png,256,0,832,832,512,256,2.0,8x8,2.0,3.2
1022,114,114_y256_x256.png,256,256,832,832,512,256,2.0,8x8,2.0,3.2
1023,114,114_y256_x320.png,256,320,832,832,512,256,2.0,8x8,2.0,3.2
1024,114,114_y320_x0.png,320,0,832,832,512,256,2.0,8x8,2.0,3.2
1025,114,114_y320_x256.png,320,256,832,832,512,256,2.0,8x8,2.0,3.2
1026,114,114_y320_x320.png,320,320,832,832,512,256,2.0,8x8,2.0,3.2
1027,115,115_y0_x0.png,0,0,832,832,512,256,2.0,8x8,2.0,3.2
1028,115,115_y0_x256.png,0,256,832,832,512,256,2.0,8x8,2.0,3.2
1029,115,115_y0_x320.png,0,320,832,832,512,256,2.0,8x8,2.0,3.2
1030,115,115_y256_x0.png,256,0,832,832,512,256,2.0,8x8,2.0,3.2
1031,115,115_y256_x256.png,256,256,832,832,512,256,2.0,8x8,2.0,3.2
1032,115,115_y256_x320.png,256,320,832,832,512,256,2.0,8x8,2.0,3.2
1033,115,115_y320_x0.png,320,0,832,832,512,256,2.0,8x8,2.0,3.2
1034,115,115_y320_x256.png,320,256,832,832,512,256,2.0,8x8,2.0,3.2
1035,115,115_y320_x320.png,320,320,832,832,512,256,2.0,8x8,2.0,3.2
1036,116,116_y0_x0.png,0,0,832,832,512,256,2.0,8x8,2.0,3.2
1037,116,116_y0_x256.png,0,256,832,832,512,256,2.0,8x8,2.0,3.2
1038,116,116_y0_x320.png,0,320,832,832,512,256,2.0,8x8,2.0,3.2
1039,116,116_y256_x0.png,256,0,832,832,512,256,2.0,8x8,2.0,3.2
1040,116,116_y256_x256.png,256,256,832,832,512,256,2.0,8x8,2.0,3.2
1041,116,116_y256_x320.png,256,320,832,832,512,256,2.0,8x8,2.0,3.2
1042,116,116_y320_x0.png,320,0,832,832,512,256,2.0,8x8,2.0,3.2
1043,116,116_y320_x256.png,320,256,832,832,512,256,2.0,8x8,2.0,3.2
1044,116,116_y320_x320.png,320,320,832,832,512,256,2.0,8x8,2.0,3.2
1045,117,117_y0_x0.png,0,0,832,832,512,256,2.0,8x8,2.0,3.2
1046,117,117_y0_x256.png,0,256,832,832,512,256,2.0,8x8,2.0,3.2
1047,117,117_y0_x320.png,0,320,832,832,512,256,2.0,8x8,2.0,3.2
1048,117,117_y256_x0.png,256,0,832,832,512,256,2.0,8x8,2.0,3.2
1049,117,117_y256_x256.png,256,256,832,832,512,256,2.0,8x8,2.0,3.2
1050,117,117_y256_x320.png,256,320,832,832,512,256,2.0,8x8,2.0,3.2
1051,117,117_y320_x0.png,320,0,832,832,512,256,2.0,8x8,2.0,3.2
1052,117,117_y320_x256.png,320,256,832,832,512,256,2.0,8x8,2.0,3.2
1053,117,117_y320_x320.png,320,320,832,832,512,256,2.0,8x8,2.0,3.2
1054,118,118_y0_x0.png,0,0,832,832,512,256,2.0,8x8,2.0,3.2
1055,118,118_y0_x256.png,0,256,832,832,512,256,2.0,8x8,2.0,3.2
1056,118,118_y0_x320.png,0,320,832,832,512,256,2.0,8x8,2.0,3.2
1057,118,118_y256_x0.png,256,0,832,832,512,256,2.0,8x8,2.0,3.2
1058,118,118_y256_x256.png,256,256,832,832,512,256,2.0,8x8,2.0,3.2
1059,118,118_y256_x320.png,256,320,832,832,512,256,2.0,8x8,2.0,3.2
1060,118,118_y320_x0.png,320,0,832,832,512,256,2.0,8x8,2.0,3.2
1061,118,118_y320_x256.png,320,256,832,832,512,256,2.0,8x8,2.0,3.2
1062,118,118_y320_x320.png,320,320,832,832,512,256,2.0,8x8,2.0,3.2
1063,119,119_y0_x0.png,0,0,832,832,512,256,2.0,8x8,2.0,3.2
1064,119,119_y0_x256.png,0,256,832,832,512,256,2.0,8x8,2.0,3.2
1065,119,119_y0_x320.png,0,320,832,832,512,256,2.0,8x8,2.0,3.2
1066,119,119_y256_x0.png,256,0,832,832,512,256,2.0,8x8,2.0,3.2
1067,119,119_y256_x256.png,256,256,832,832,512,256,2.0,8x8,2.0,3.2
1068,119,119_y256_x320.png,256,320,832,832,512,256,2.0,8x8,2.0,3.2
1069,119,119_y320_x0.png,320,0,832,832,512,256,2.0,8x8,2.0,3.2
1070,119,119_y320_x256.png,320,256,832,832,512,256,2.0,8x8,2.0,3.2
1071,119,119_y320_x320.png,320,320,832,832,512,256,2.0,8x8,2.0,3.2
1072,120,120_y0_x0.png,0,0,832,832,512,256,2.0,8x8,2.0,3.2
1073,120,120_y0_x256.png,0,256,832,832,512,256,2.0,8x8,2.0,3.2
1074,120,120_y0_x320.png,0,320,832,832,512,256,2.0,8x8,2.0,3.2
1075,120,120_y256_x0.png,256,0,832,832,512,256,2.0,8x8,2.0,3.2
1076,120,120_y256_x256.png,256,256,832,832,512,256,2.0,8x8,2.0,3.2
1077,120,120_y256_x320.png,256,320,832,832,512,256,2.0,8x8,2.0,3.2
1078,120,120_y320_x0.png,320,0,832,832,512,256,2.0,8x8,2.0,3.2
1079,120,120_y320_x256.png,320,256,832,832,512,256,2.0,8x8,2.0,3.2
1080,120,120_y320_x320.png,320,320,832,832,512,256,2.0,8x8,2.0,3.2
